Depth,Ammonia Nitrogen (mg/L),Dissolved Oxygen (%saturation),Faecal Coliforms (cfu/100mL),Nitrate Nitrogen (mg/L),Nitrite Nitrogen (mg/L),Orthophosphate Phosphorus (mg/L),Temperature (°C),Suspended Solids (mg/L),Total Nitrogen (mg/L),Total Phosphorus (mg/L),Unionised Ammonia (mg/L),Volatile Suspended Solids (mg/L),Total Inorganic Nitrogen (mg/L),Total Kjeldahl Nitrogen (mg/L),Chlorophyll-a (μg/L),Dissolved Oxygen (mg/L),pH
Surface Water,0.053,113,270,0.12,0.014,0.018,19.5,3,0.9,0.07,<0.001,0.6,0.19,0.77,0.6,8.6,7.1
Middle Water,0.04,94,190,0.11,0.01,0.017,19.5,3.4,0.8,0.07,0.002,0.6,0.16,0.68,0.5,7.1,8.2
Bottom Water,0.048,94,140,0.11,0.01,0.018,19.5,3.4,1.03,0.07,0.002,0.6,0.17,0.91,0.4,7.2,8.1
Surface Water,0.096,85,120,0.04,0.008,0.017,19.4,8.5,0.79,0.04,0.004,1.8,0.14,0.74,1.8,6.4,8.2
Middle Water,0.067,93,130,0.029,0.007,0.013,19.4,2.4,0.43,0.03,0.003,0.5,0.1,0.39,2.4,7.1,8.2
Bottom Water,0.074,95,130,0.033,0.007,0.013,19.3,3.6,0.35,0.04,0.003,1.1,0.11,0.31,1.9,7.2,8.2
Surface Water,0.091,91,150,0.052,0.008,0.012,22.2,8.5,0.76,0.03,0.001,1.3,0.15,0.7,0.3,6.5,7.6
Middle Water,0.089,84,240,<0.002,0.003,0.009,22.2,8.1,0.69,0.03,0.001,1.2,0.09,0.68,<0.2,6.1,7.6
Bottom Water,0.077,91,230,0.049,0.006,0.015,22.3,12,0.7,0.03,0.001,1.5,0.13,0.64,0.2,6.5,7.7
Surface Water,0.11,95,260,0.083,0.011,0.003,24.4,12,0.35,0.02,0.003,2.4,0.2,0.26,4.3,6.5,7.8
Middle Water,0.07,81,110,0.023,<0.002,0.007,23.6,11,0.42,0.03,0.003,1.7,0.1,0.39,1.8,5.7,8.1
Bottom Water,0.071,80,72,0.03,0.006,0.006,23.3,10,0.58,0.03,0.003,1.8,0.11,0.54,1.9,5.6,8.0
Surface Water,0.14,67,23000,0.29,0.07,0.013,25.9,7.7,0.53,0.04,0.002,1.4,0.5,0.17,0.6,4.7,7.5
Middle Water,0.042,59,2800,0.094,0.045,0.012,23.6,11,0.46,0.03,0.001,2.2,0.18,0.32,<0.2,4.1,7.9
Bottom Water,0.032,57,1100,0.081,0.036,0.01,23.4,13,0.23,0.02,<0.001,2.6,0.15,0.11,<0.2,4.0,7.9
Surface Water,0.078,110,210,0.31,0.032,0.005,27.9,4.3,0.6,0.04,0.01,1.7,0.42,0.26,17,7.5,8.4
Middle Water,0.13,53,860,0.24,0.031,0.003,22.6,4.4,0.83,0.07,0.006,1.4,0.4,0.56,10,3.8,8.1
Bottom Water,0.05,51,470,0.1,0.035,0.016,22.1,9,0.4,0.07,0.002,1.5,0.19,0.26,2,3.6,8.0
Surface Water,0.12,74,130,0.23,0.063,0.026,28.7,2.2,0.97,0.07,0.005,1.1,0.41,0.68,5.8,4.9,7.8
Middle Water,0.063,56,240,0.092,0.059,0.022,25.4,2.8,0.43,0.06,0.002,0.7,0.21,0.28,2.2,3.8,7.8
Bottom Water,0.021,58,67,0.039,0.058,0.019,24.8,8.3,0.44,0.04,<0.001,1.3,0.12,0.34,0.4,4.0,7.9
Surface Water,0.1,73,990,0.1,0.018,0.018,28.8,9.8,0.52,0.06,0.003,1.2,0.22,0.4,0.5,4.7,7.7
Middle Water,0.1,81,530,0.094,0.017,0.015,28.9,16,0.94,0.07,0.004,2.1,0.21,0.83,1.2,5.2,7.8
Bottom Water,0.084,83,290,0.067,0.015,0.013,29.0,7.7,0.35,0.05,0.004,0.9,0.17,0.27,0.6,5.4,7.9
Surface Water,0.12,76,7400,0.099,0.02,0.023,29.0,3.5,1.32,0.08,0.006,1,0.24,1.2,1.8,4.9,8.0
Middle Water,0.081,88,1500,0.049,0.01,0.013,28.9,2.4,1.36,0.07,0.005,0.6,0.14,1.3,1.5,5.7,8.0
Bottom Water,0.084,89,1900,0.06,0.013,0.015,28.8,4.2,1.27,0.07,0.005,1,0.16,1.2,0.6,5.8,8.0
Surface Water,0.03,81,110,0.084,0.027,0.016,24.4,2.1,0.81,0.03,<0.001,0.5,0.14,0.7,2.4,5.6,7.7
Middle Water,0.031,93,86,0.087,0.026,0.015,24.3,2.4,0.56,0.05,<0.001,0.5,0.14,0.45,2.2,6.5,7.7
Bottom Water,0.034,94,110,0.087,0.026,0.015,24.3,2.7,0.81,0.05,<0.001,0.9,0.15,0.7,1.8,6.5,7.8
Surface Water,0.046,86,93,0.09,0.015,0.013,22.1,11,0.68,0.06,0.001,1.4,0.15,0.57,2.6,6.2,7.8
Middle Water,0.044,93,62,0.094,0.016,0.012,22.3,12,0.72,0.04,<0.001,1.9,0.15,0.61,3.4,6.7,7.8
Bottom Water,0.045,104,100,0.093,0.015,0.023,22.3,13,0.45,0.05,0.001,2,0.15,0.34,2.3,7.5,7.8
Surface Water,0.094,68,7,0.031,0.007,0.01,19.8,0.7,0.55,0.05,0.002,<0.5,0.13,0.51,0.9,5.1,7.7
Middle Water,0.087,71,28,0.035,0.007,0.01,19.8,6.9,0.48,0.1,0.001,1.4,0.13,0.44,0.5,5.3,7.7
Bottom Water,0.06,68,30,0.018,0.003,0.009,19.9,1.3,0.38,0.3,<0.001,0.7,0.08,0.36,0.6,5.1,7.7
Surface Water,0.094,64,92,0.034,0.008,0.011,20.1,1.9,0.87,0.06,0.002,0.6,0.14,0.83,0.7,4.8,7.7
Middle Water,0.086,69,40,0.03,0.008,0.011,20.2,2.9,0.63,0.06,0.001,0.9,0.12,0.59,0.8,5.1,7.7
Bottom Water,0.083,68,140,0.026,0.009,0.013,20.2,3.2,0.73,0.05,0.001,0.5,0.12,0.69,0.6,5.1,7.7
Surface Water,0.06,67,69,0.069,0.009,0.023,23.7,1.6,0.49,0.06,<0.001,<0.5,0.14,0.41,1.9,4.7,7.5
Middle Water,0.056,75,210,0.022,0.003,0.013,23.3,1.9,0.72,0.05,<0.001,<0.5,0.08,0.69,2.7,5.3,7.5
Bottom Water,0.047,62,250,0.019,0.003,0.014,23.3,2.1,0.64,0.06,<0.001,0.6,0.07,0.62,1.5,4.4,7.5
Surface Water,0.12,67,570,0.072,0.009,0.017,24.5,0.9,0.96,0.08,0.001,0.6,0.2,0.88,1.9,4.7,7.4
Middle Water,0.067,74,24,0.035,0.007,0.013,24.3,1.4,0.98,0.04,<0.001,1.3,0.11,0.94,1.5,5.1,7.4
Bottom Water,0.041,67,23,0.013,0.008,0.012,24.2,2,0.4,0.06,<0.001,0.5,0.06,0.38,1,4.6,7.4
Surface Water,0.087,85,440,0.1,0.042,0.015,25.2,3.8,0.36,0.07,0.001,1,0.23,0.22,4.6,5.8,7.5
Middle Water,0.083,90,340,0.1,0.042,0.013,25.1,3,0.3,0.07,0.001,0.7,0.23,0.16,2.7,6.1,7.6
Bottom Water,0.084,91,640,0.096,0.041,0.013,25.0,4,0.78,0.08,0.001,1.1,0.22,0.64,3.2,6.2,7.6
Surface Water,0.059,83,490,0.079,0.029,0.019,20.5,9,0.58,0.03,<0.001,3.1,0.17,0.47,<0.2,6.1,6.8
Middle Water,0.067,85,540,0.081,0.03,0.019,20.5,3,0.5,0.03,<0.001,<0.5,0.18,0.39,0.3,6.3,7.1
Bottom Water,0.057,87,340,0.066,0.027,0.017,20.5,4.2,0.91,0.04,<0.001,<0.5,0.15,0.82,0.4,6.4,7.3
Surface Water,0.088,84,220,0.075,0.029,0.02,20.0,5.5,0.75,0.04,<0.001,0.8,0.19,0.65,1.1,6.3,6.8
Middle Water,0.07,87,210,0.079,0.028,0.018,20.0,4.7,0.87,0.04,<0.001,0.8,0.18,0.76,1,6.5,7.1
Bottom Water,0.088,89,460,0.071,0.028,0.019,19.9,4.4,0.99,0.04,<0.001,0.6,0.19,0.89,0.9,6.6,7.3
Surface Water,0.047,78,310,0.067,0.013,0.016,17.3,4.6,0.83,0.03,<0.001,1.2,0.13,0.75,0.5,6.2,7.0
Middle Water,0.053,90,240,0.07,0.012,0.017,17.7,4.8,0.54,0.03,<0.001,1.2,0.14,0.46,0.3,7.0,7.2
Bottom Water,0.046,90,210,0.063,0.013,0.015,17.7,3.7,0.71,0.03,<0.001,0.9,0.12,0.63,0.3,7.0,7.3
Surface Water,0.079,84,210,<0.002,<0.002,<0.002,19.7,2.1,0.58,0.03,<0.001,0.7,0.08,0.58,0.5,6.4,7.6
Middle Water,0.081,92,900,<0.002,<0.002,<0.002,19.7,1.5,0.46,0.03,0.001,<0.5,0.09,0.46,0.4,7.0,7.6
Bottom Water,0.063,93,83,<0.002,<0.002,<0.002,19.7,2.9,0.35,<0.02,<0.001,0.6,0.07,0.35,<0.2,7.0,7.6
Surface Water,0.1,120,230,0.004,0.007,0.004,22.0,3,0.4,0.03,0.006,<0.5,0.11,0.39,0.9,8.7,8.2
Middle Water,0.1,84,200,0.027,0.006,<0.002,22.0,3.3,0.5,0.03,0.006,0.7,0.13,0.47,0.6,6.0,8.3
Bottom Water,0.082,87,390,0.014,0.006,<0.002,22.0,4.2,0.49,0.03,0.005,0.7,0.1,0.47,<0.2,6.3,8.3
Surface Water,0.044,94,6,0.008,0.004,<0.002,24.2,7.4,0.62,0.03,0.002,2.4,0.06,0.61,7.8,6.6,8.1
Middle Water,0.041,100,10,0.019,0.003,<0.002,24.1,5.5,0.66,0.02,0.002,1.7,0.06,0.64,5.6,6.9,8.1
Bottom Water,0.041,98,21,<0.002,<0.002,<0.002,24.1,6.7,0.34,0.03,0.002,1.8,0.05,0.34,6.6,6.8,8.1
Surface Water,0.042,111,410,0.013,<0.002,0.008,27.6,5.5,0.18,0.04,0.002,2.3,0.06,0.16,27,7.6,8.0
Middle Water,0.031,78,330,0.075,0.008,0.008,25.4,2.6,0.14,0.02,0.001,0.6,0.11,0.06,2.4,5.3,7.9
Bottom Water,0.039,80,750,0.05,0.008,0.007,25.3,2.8,0.11,<0.02,0.001,0.9,0.1,<0.05,1.2,5.5,7.9
Surface Water,0.058,83,700,0.24,0.017,0.004,26.6,5.5,0.62,0.04,0.003,2.4,0.32,0.36,18,5.6,8.0
Middle Water,0.048,54,2100,0.22,0.017,0.015,24.2,2.2,0.96,0.04,0.002,0.7,0.29,0.72,7,3.8,7.9
Bottom Water,0.019,44,1100,0.22,0.013,0.015,22.5,5.4,0.28,0.03,<0.001,1.1,0.25,0.05,2.1,3.1,7.8
Surface Water,0.054,106,750,0.15,0.011,0.009,24.6,11,0.54,0.11,0.001,2.5,0.22,0.38,13,7.3,7.7
Middle Water,0.046,47,540,0.18,0.008,0.017,22.6,3.5,0.78,0.03,<0.001,1.1,0.23,0.59,5,3.4,7.6
Bottom Water,0.016,46,340,0.19,0.008,0.017,22.3,11,0.36,0.03,<0.001,2.1,0.21,0.16,5.1,3.3,7.6
Surface Water,0.086,100,55,0.15,0.031,0.013,28.1,3.1,0.48,0.08,0.002,1,0.27,0.3,4.4,6.6,7.6
Middle Water,0.064,80,370,0.08,0.011,0.009,27.9,13,0.43,0.07,0.001,2.2,0.16,0.34,2.2,5.3,7.5
Bottom Water,0.048,77,620,0.074,0.01,0.009,27.7,6.2,0.3,0.07,<0.001,1,0.13,0.22,1.7,5.1,7.4
Surface Water,0.027,70,490,0.042,0.011,0.012,27.4,4.1,0.66,0.07,0.001,1.2,0.08,0.61,2.4,4.6,8.0
Middle Water,0.038,88,270,0.04,0.011,0.012,27.8,4.1,0.34,0.05,0.002,0.9,0.09,0.29,1.4,5.8,8.0
Bottom Water,0.043,90,320,0.026,0.01,<0.002,27.8,4.8,0.43,0.05,0.003,0.8,0.08,0.39,1.7,5.9,8.1
Surface Water,0.045,86,1700,0.17,0.023,0.019,23.2,6.8,0.73,0.13,<0.001,1.4,0.24,0.54,1.4,6.1,7.6
Middle Water,0.036,86,1100,0.17,0.025,0.02,23.2,7.3,0.65,0.12,<0.001,1.6,0.23,0.45,0.5,6.1,7.4
Bottom Water,0.038,87,1500,0.13,0.022,0.012,23.2,6.6,0.6,0.12,<0.001,1.4,0.19,0.45,0.5,6.1,7.2
Surface Water,0.066,73,130,0.013,0.007,<0.002,22.5,1.3,0.82,0.05,<0.001,0.9,0.09,0.8,0.5,5.2,7.5
Middle Water,0.067,86,220,0.073,0.01,0.01,22.6,6.6,0.6,0.06,<0.001,1.2,0.15,0.52,1.1,6.1,7.5
Bottom Water,0.069,86,200,0.039,0.01,<0.002,22.6,11,0.67,0.06,<0.001,2.4,0.12,0.62,0.8,6.2,7.5
Surface Water,0.028,75,260,0.027,0.02,<0.002,18.3,11,0.62,0.07,<0.001,2.3,0.08,0.57,1,5.8,7.8
Middle Water,0.032,92,360,0.037,0.022,0.012,18.2,6.5,0.69,0.07,<0.001,1.4,0.09,0.63,0.8,7.1,7.6
Bottom Water,0.036,92,250,0.026,0.02,<0.002,18.2,5.8,0.65,0.07,<0.001,1.1,0.08,0.6,0.8,7.1,7.4
Surface Water,0.095,72,350,0.095,0.009,0.016,18.5,6.9,0.39,0.08,<0.001,1.4,0.2,0.29,1.4,5.6,7.4
Middle Water,0.081,95,440,0.08,0.008,0.016,18.2,4.4,0.67,0.05,<0.001,1.1,0.17,0.58,1.4,7.3,7.4
Bottom Water,0.07,95,340,0.069,0.007,0.014,18.1,10,0.62,0.05,<0.001,1.5,0.15,0.54,1.4,7.4,7.4
Surface Water,0.059,84,26,0.059,0.012,0.004,18.9,1.2,0.76,0.05,<0.001,0.8,0.13,0.69,0.6,6.4,7.8
Middle Water,0.057,93,110,0.042,0.011,0.004,18.6,2.2,0.58,0.05,<0.001,2.1,0.11,0.53,0.5,7.1,7.6
Bottom Water,0.039,93,390,<0.002,<0.002,0.002,18.6,0.7,0.58,0.05,<0.001,0.6,0.04,0.58,0.8,7.1,7.4
Surface Water,0.088,89,82,0.057,0.004,<0.002,22.3,4.2,0.74,0.05,<0.001,0.9,0.15,0.68,2.5,6.3,7.4
Middle Water,0.058,89,330,0.04,<0.002,0.004,22.1,7.3,0.39,0.04,<0.001,1.6,0.1,0.35,0.6,6.4,7.3
Bottom Water,0.048,90,71,0.039,0.005,<0.002,22.1,4.2,0.64,0.04,<0.001,1.2,0.09,0.6,0.7,6.4,7.2
Surface Water,0.063,74,130,0.059,0.008,<0.002,24.2,2.9,0.76,0.05,0.001,0.7,0.13,0.69,1.7,5.1,7.7
Middle Water,0.052,88,90,0.059,0.008,<0.002,24.2,3.4,0.79,0.05,<0.001,0.9,0.12,0.72,0.9,6.1,7.5
Bottom Water,0.036,89,130,0.029,0.005,<0.002,24.3,5,0.72,0.05,<0.001,1.4,0.07,0.69,0.7,6.2,7.5
Surface Water,0.11,111,260,0.12,0.026,0.014,27.8,10,1.25,0.06,0.006,2.1,0.26,1.1,4.8,7.3,8.0
Middle Water,0.076,68,500,0.11,0.03,0.014,25.6,5.8,0.92,0.04,0.003,1.2,0.22,0.78,3.6,4.6,8.0
Bottom Water,0.027,67,390,0.046,0.035,0.025,25.1,7.7,0.97,0.04,0.001,1.3,0.11,0.89,1.1,4.6,8.0
Surface Water,0.11,53,340,0.078,0.014,0.012,27.4,2.6,0.34,0.06,0.005,0.9,0.2,0.25,0.5,3.5,8.0
Middle Water,0.088,64,190,0.054,0.015,<0.002,26.9,6.4,0.28,0.05,0.005,1.8,0.16,0.21,<0.2,4.2,8.0
Bottom Water,0.077,62,330,0.033,0.011,0.003,26.6,4.8,0.28,0.05,0.004,0.7,0.12,0.24,0.2,4.1,8.0
Surface Water,0.097,103,4400,0.13,0.027,0.013,27.9,11,0.43,0.05,0.003,1.9,0.25,0.27,5.3,6.8,7.8
Middle Water,0.033,55,470,0.12,0.016,0.012,24.8,12,0.36,0.05,<0.001,1.8,0.17,0.22,1.7,3.8,7.8
Bottom Water,0.034,51,160,0.13,0.015,0.016,24.4,12,0.32,0.05,<0.001,1.9,0.18,0.17,2.4,3.5,7.8
Surface Water,0.13,104,9800,0.15,0.043,0.029,26.7,5,0.49,0.1,0.003,1.2,0.32,0.3,0.7,7.0,7.7
Middle Water,0.026,59,2600,0.052,0.019,0.003,26.0,4.7,0.23,0.07,<0.001,0.9,0.1,0.16,0.6,4.0,7.8
Bottom Water,0.043,81,1100,0.04,0.017,<0.002,26.0,6,0.25,0.09,0.001,1.8,0.1,0.19,0.7,5.5,7.9
Surface Water,0.048,63,220,0.047,0.009,0.007,29.1,7,0.27,0.06,0.002,2.1,0.1,0.21,2.7,4.0,7.8
Middle Water,0.045,88,260,0.034,0.007,0.007,29.3,7.6,0.23,0.06,0.002,2.4,0.09,0.19,2.1,5.6,7.8
Bottom Water,0.026,88,20,0.007,0.004,0.003,29.3,9.6,0.26,0.06,0.001,3.2,0.04,0.25,1.9,5.7,7.9
Surface Water,0.047,100,680,0.11,0.038,0.014,26.5,4.2,0.32,0.05,0.001,1.4,0.2,0.17,6.6,6.7,7.6
Middle Water,0.05,70,560,0.1,0.034,0.013,26.3,3.1,0.33,0.05,0.001,1,0.18,0.2,4.6,4.7,7.7
Bottom Water,<0.005,97,250,0.075,0.024,0.008,26.3,8,0.26,0.05,<0.001,2.1,0.1,0.16,4.3,6.5,7.8
Surface Water,0.088,115,1000,0.095,0.03,0.019,22.8,3.2,0.54,0.07,0.003,0.9,0.21,0.41,1.3,8.2,7.9
Middle Water,0.091,71,450,0.088,0.031,0.015,23.6,1.8,0.53,0.08,0.003,0.6,0.21,0.41,0.6,5.0,8.0
Bottom Water,0.069,87,1100,0.076,0.029,0.016,23.6,6.8,0.52,0.09,0.003,1.3,0.17,0.41,0.7,6.1,8.1
Surface Water,0.095,78,500,0.17,0.018,0.034,19.3,2.7,0.8,0.08,0.003,0.5,0.28,0.61,0.9,5.9,8.0
Middle Water,0.083,86,590,0.14,0.014,0.03,19.7,3.8,0.76,0.08,0.003,0.7,0.24,0.61,0.3,6.5,8.0
Bottom Water,0.091,85,810,0.15,0.016,0.032,19.7,3.4,1.04,0.09,0.003,<0.5,0.26,0.87,0.4,6.4,8.0
Surface Water,0.077,76,230,0.036,0.008,0.014,19.3,3.4,0.89,0.04,0.003,0.9,0.12,0.85,1.9,5.8,8.1
Middle Water,0.08,90,230,0.036,0.008,0.014,19.5,3.2,0.33,0.04,0.003,0.8,0.12,0.29,1.7,6.8,8.1
Bottom Water,0.08,91,260,0.037,0.007,0.016,19.5,4.5,0.39,0.04,0.003,1,0.12,0.35,1.7,6.9,8.1
Surface Water,0.1,86,710,0.074,0.006,0.014,22.2,12,1.18,0.03,0.002,1.7,0.18,1.1,0.7,6.2,7.7
Middle Water,0.1,70,690,0.062,0.007,0.011,22.2,11,0.72,0.03,0.002,1.5,0.17,0.65,<0.2,5.0,7.7
Bottom Water,0.097,85,510,0.064,0.008,0.013,22.2,10,0.39,<0.02,0.002,1.7,0.17,0.32,0.4,6.1,7.7
Surface Water,0.2,92,2000,0.14,0.019,0.017,25.0,11,0.48,0.04,0.005,2.9,0.36,0.32,7.7,6.3,7.8
Middle Water,0.14,77,1100,0.11,0.013,0.01,24.6,12,0.68,0.04,0.003,2.2,0.26,0.56,3.6,5.3,7.8
Bottom Water,0.12,78,390,0.078,0.009,0.014,23.4,8.2,0.68,0.04,0.003,1.4,0.21,0.59,3,5.4,7.8
Surface Water,0.13,65,3900,0.32,0.072,0.003,25.8,7.9,0.63,0.04,0.003,1.6,0.52,0.24,<0.2,4.5,7.7
Middle Water,0.097,63,5600,0.27,0.069,0.009,25.3,7.2,1.1,0.03,0.002,1.3,0.44,0.76,<0.2,4.4,7.7
Bottom Water,0.08,57,1600,0.19,0.055,0.01,23.8,11,0.94,0.03,0.002,2,0.33,0.69,<0.2,4.0,7.8
Surface Water,0.069,107,650,0.32,0.03,0.006,27.4,4.4,0.6,0.05,0.006,1.7,0.42,0.25,16,7.3,8.2
Middle Water,0.089,100,420,0.24,0.028,0.003,26.6,4,0.6,0.05,0.006,1.3,0.36,0.33,12,6.9,8.1
Bottom Water,0.072,41,910,0.27,0.03,0.007,22.7,5,0.81,0.07,0.002,1.6,0.37,0.51,14,4.0,7.9
Surface Water,0.16,86,1500,0.28,0.081,0.045,28.6,1.9,1.04,0.09,0.008,1,0.52,0.68,9.4,5.7,7.9
Middle Water,0.14,79,910,0.25,0.072,0.037,27.9,1.6,1.08,0.04,0.005,0.8,0.46,0.76,7.3,5.3,7.8
Bottom Water,0.067,55,620,0.12,0.063,0.023,25.2,7.8,0.53,0.04,0.002,1.4,0.25,0.35,3,3.8,7.8
Surface Water,0.086,71,1100,0.079,0.013,0.014,28.9,11,0.77,0.08,0.004,2.2,0.18,0.68,0.5,4.6,7.9
Middle Water,0.092,81,630,0.074,0.014,0.015,28.9,13,0.34,0.07,0.004,1.7,0.18,0.25,0.9,5.2,7.9
Bottom Water,0.086,81,1200,0.066,0.014,0.016,29.0,17,0.31,0.06,0.004,2.2,0.17,0.23,0.6,5.2,7.9
Surface Water,0.11,79,230,0.088,0.017,0.02,29.1,2.7,1.21,0.07,0.006,<0.5,0.22,1.1,1.3,5.1,8.0
Middle Water,0.12,83,300,0.087,0.017,0.019,29.0,2.9,1.4,0.08,0.007,0.7,0.22,1.3,1.1,5.3,8.0
Bottom Water,0.11,83,800,0.079,0.016,0.021,28.9,3.1,1.3,0.08,0.006,0.7,0.21,1.2,0.8,5.3,8.0
Surface Water,0.028,81,90,0.086,0.026,0.017,24.4,1.4,0.46,0.03,<0.001,<0.5,0.14,0.35,2.1,5.6,7.8
Middle Water,0.027,91,70,0.084,0.026,0.015,24.4,3.7,0.43,0.05,<0.001,1.4,0.14,0.32,2,6.3,7.8
Bottom Water,0.027,92,100,0.084,0.026,0.017,24.3,2.7,0.7,0.05,<0.001,0.9,0.14,0.59,2.6,6.4,7.8
Surface Water,0.046,92,200,0.1,0.016,0.013,21.9,12,0.64,0.06,0.001,2.1,0.16,0.52,4.4,6.7,7.8
Middle Water,0.047,94,250,0.098,0.016,0.012,22.3,13,1.03,0.06,0.001,2,0.16,0.92,3.1,6.8,7.8
Bottom Water,0.05,100,290,0.1,0.016,0.012,22.3,13,0.94,0.05,0.001,2.2,0.17,0.82,1.7,7.2,7.8
Surface Water,0.1,67,100,0.034,0.007,0.011,19.8,1.3,0.37,0.05,0.002,<0.5,0.14,0.33,1.2,5.0,7.8
Middle Water,0.094,68,160,0.032,0.008,0.011,19.9,8.1,0.36,0.17,0.002,1.6,0.13,0.32,0.3,5.1,7.8
Bottom Water,0.094,74,120,0.029,0.007,0.011,19.8,1.1,1.44,0.1,0.002,<0.5,0.13,1.4,0.9,5.6,7.8
Surface Water,0.093,65,150,0.034,0.008,0.01,20.1,1,0.81,0.06,0.002,0.6,0.14,0.77,0.3,4.9,7.7
Middle Water,0.096,69,180,0.033,0.009,0.013,20.2,2.4,0.64,0.07,0.002,0.6,0.14,0.6,0.6,5.1,7.7
Bottom Water,0.093,68,150,0.031,0.009,0.013,20.2,2.5,0.73,0.05,0.002,<0.5,0.13,0.69,0.7,5.1,7.7
Surface Water,0.084,68,20,0.05,0.005,0.017,23.5,2.2,0.98,0.05,0.001,<0.5,0.14,0.92,1.9,4.7,7.5
Middle Water,0.081,65,100,0.05,0.004,0.017,23.5,2.5,1.0,0.06,0.001,0.5,0.14,0.95,1.9,4.6,7.5
Bottom Water,0.078,69,90,0.059,0.006,0.019,23.4,4.2,1.07,0.06,0.001,0.8,0.14,1,2.9,4.8,7.5
Surface Water,0.1,66,380,0.061,0.009,0.016,24.5,1.6,0.77,0.04,0.001,1.5,0.17,0.7,2,4.6,7.4
Middle Water,0.1,62,160,0.054,0.008,0.016,24.4,2.8,0.84,0.04,0.001,0.6,0.16,0.78,0.9,4.3,7.4
Bottom Water,0.07,67,120,0.035,0.007,0.019,24.2,2.2,0.32,0.06,<0.001,<0.5,0.11,0.28,1,4.7,7.4
Surface Water,0.12,84,280,0.12,0.046,0.017,25.3,2.6,0.6,0.07,0.002,0.6,0.29,0.43,3.8,5.7,7.5
Middle Water,0.11,78,390,0.08,0.044,0.005,25.2,2.2,0.39,0.08,0.002,0.7,0.23,0.27,3.5,5.3,7.5
Bottom Water,0.12,85,390,0.086,0.045,0.006,25.2,4.6,0.62,0.07,0.002,0.9,0.25,0.49,3.6,5.8,7.6
Surface Water,0.056,82,410,0.069,0.028,0.02,20.4,11,0.64,0.03,<0.001,1.6,0.15,0.54,<0.2,6.1,7.5
Middle Water,0.05,84,380,0.067,0.028,0.018,20.5,4.1,0.34,0.04,<0.001,0.7,0.15,0.24,0.6,6.2,7.5
Bottom Water,0.048,85,390,0.069,0.029,0.019,20.5,3.1,0.69,0.05,<0.001,<0.5,0.15,0.59,0.5,6.3,7.5
Surface Water,0.079,90,550,0.07,0.032,0.019,20.1,6.3,0.7,0.04,<0.001,1,0.18,0.6,1.1,6.7,7.5
Middle Water,0.079,75,310,0.069,0.028,0.019,20.0,3.9,0.61,0.04,<0.001,0.5,0.18,0.51,0.8,5.6,7.5
Bottom Water,0.08,85,610,0.076,0.029,0.02,20.0,6,0.81,0.05,<0.001,1.1,0.19,0.7,0.7,6.3,7.5
Surface Water,0.047,80,250,0.065,0.013,0.016,17.3,3.4,0.81,0.03,<0.001,0.9,0.13,0.73,0.5,6.3,7.3
Middle Water,0.056,88,170,0.073,0.013,0.018,17.7,6.5,0.64,0.03,<0.001,1.6,0.14,0.55,0.4,6.9,7.3
Bottom Water,0.049,88,250,0.069,0.013,0.017,17.7,4.9,0.76,0.03,<0.001,1.2,0.13,0.68,0.3,6.9,7.4
Surface Water,0.081,97,260,<0.002,<0.002,<0.002,19.8,2.8,0.37,0.02,0.001,0.9,0.09,0.37,0.4,7.4,7.6
Middle Water,0.071,90,160,0.034,0.005,<0.002,19.7,5,0.5,0.02,<0.001,0.7,0.11,0.46,0.4,6.8,7.6
Bottom Water,0.075,91,160,0.004,0.004,0.005,19.7,9.4,0.38,0.02,0.001,1.8,0.08,0.37,0.3,6.9,7.6
Surface Water,0.08,114,120,0.028,0.006,<0.002,22.1,3.8,0.34,0.03,0.005,0.6,0.11,0.31,0.5,8.2,8.3
Middle Water,0.086,82,190,0.02,0.006,<0.002,22.0,3.5,0.34,0.03,0.006,0.8,0.11,0.31,0.5,5.9,8.3
Bottom Water,0.079,84,290,0.016,0.007,<0.002,22.0,3.9,0.32,0.02,0.005,0.6,0.1,0.3,0.7,6.1,8.3
Surface Water,0.043,92,5,0.031,0.005,<0.002,24.3,6.9,0.45,0.02,0.002,2.2,0.08,0.41,5.3,6.4,8.1
Middle Water,0.036,97,16,0.009,0.003,<0.002,24.1,8.5,0.34,0.02,0.002,2.8,0.05,0.33,5.4,6.8,8.1
Bottom Water,0.034,97,30,<0.002,<0.002,<0.002,24.0,10,0.37,0.03,0.002,2.8,0.04,0.37,5.4,6.8,8.1
Surface Water,0.073,92,820,0.46,0.016,<0.002,27.5,4.2,0.77,0.04,0.004,2,0.55,0.29,20,6.3,8.0
Middle Water,0.041,94,310,0.36,0.014,<0.002,26.5,4.6,0.44,0.06,0.002,1.8,0.42,0.07,15,6.4,7.9
Bottom Water,0.053,76,420,0.12,0.009,0.006,25.4,3.7,0.19,0.03,0.002,0.9,0.18,0.06,3.8,5.1,7.9
Surface Water,0.045,93,3500,0.26,0.014,<0.002,28.1,2.6,0.72,0.04,0.004,1.3,0.32,0.45,23,6.2,8.2
Middle Water,0.056,86,3400,0.23,0.017,0.014,24.0,4.1,0.86,0.04,0.002,1.8,0.3,0.61,8.5,6.0,7.9
Bottom Water,0.057,42,3000,0.22,0.017,0.018,23.2,1.7,0.35,0.06,0.002,0.6,0.29,0.11,5.5,3.0,7.9
Surface Water,0.13,92,1400,0.24,0.033,0.021,26.0,10,0.57,0.09,0.004,2.5,0.4,0.3,15,6.3,7.8
Middle Water,0.15,70,1600,0.22,0.023,0.02,25.5,1.4,0.52,0.05,0.004,0.9,0.39,0.28,11,4.8,7.7
Bottom Water,0.08,68,350,0.2,0.013,0.02,22.6,12,0.37,0.07,0.001,2.5,0.29,0.16,4.9,4.8,7.7
Surface Water,0.09,93,220,0.11,0.017,0.008,28.1,3.2,0.41,0.09,0.001,0.8,0.22,0.28,3.2,6.1,7.4
Middle Water,0.072,78,600,0.14,0.016,0.009,27.9,13,0.49,0.06,<0.001,2.3,0.23,0.33,3.4,5.1,7.4
Bottom Water,0.068,78,530,0.092,0.014,0.009,27.9,3.3,0.43,0.07,<0.001,1,0.17,0.32,2,5.1,7.4
Surface Water,0.04,66,110,0.046,0.011,0.012,27.7,3.6,0.66,0.05,0.002,0.8,0.1,0.6,2.5,4.3,8.1
Middle Water,0.038,87,260,0.043,0.011,0.012,27.8,4,0.39,0.05,0.002,0.8,0.09,0.34,1.8,5.7,8.1
Bottom Water,0.039,86,470,0.01,0.009,<0.002,27.8,6.3,0.32,0.05,0.002,1,0.06,0.3,1.8,5.6,8.1
Surface Water,0.037,77,140,0.17,0.022,0.019,23.3,4.6,0.72,0.11,<0.001,1,0.23,0.53,1.1,5.4,7.2
Middle Water,0.037,87,290,0.17,0.023,0.02,23.2,6.4,0.7,0.1,<0.001,1.6,0.23,0.51,0.5,6.1,7.2
Bottom Water,0.03,87,170,0.12,0.023,0.013,23.2,20,0.56,0.13,<0.001,3.4,0.17,0.42,0.6,6.2,7.2
Surface Water,0.061,72,180,0.015,0.01,<0.002,22.6,4.6,0.83,0.06,<0.001,0.6,0.09,0.8,0.8,5.1,7.6
Middle Water,0.067,86,240,0.05,0.012,0.011,22.6,3.6,0.41,0.06,<0.001,1.1,0.13,0.35,0.7,6.1,7.6
Bottom Water,0.065,86,270,0.031,0.012,0.011,22.6,7.7,0.66,0.06,<0.001,1.4,0.11,0.62,1,6.2,7.6
Surface Water,0.044,87,260,0.081,0.028,0.014,18.2,10,0.8,0.07,<0.001,2.7,0.15,0.69,0.6,6.7,7.3
Middle Water,0.04,91,370,0.092,0.029,0.017,18.2,5.4,0.57,0.07,<0.001,1.5,0.16,0.45,0.8,7.0,7.3
Bottom Water,0.039,91,260,0.04,0.024,0.012,18.2,4.1,0.67,0.07,<0.001,0.9,0.1,0.61,1.1,7.1,7.3
Surface Water,0.17,76,140,0.11,0.011,0.02,18.6,7.3,0.46,0.07,0.001,1.6,0.29,0.34,1.3,5.9,7.4
Middle Water,0.15,93,520,0.11,0.011,0.02,18.2,6.2,0.5,0.06,0.001,1.6,0.27,0.38,1.4,7.2,7.4
Bottom Water,0.11,93,300,0.086,0.009,0.018,18.2,9.4,0.53,0.05,<0.001,1.2,0.21,0.43,1.2,7.2,7.4
Surface Water,0.28,93,100,0.17,0.044,0.045,18.9,1.7,1.01,0.12,0.001,1,0.49,0.8,0.7,7.1,7.2
Middle Water,0.13,92,110,0.087,0.02,0.016,18.7,2,0.85,0.08,<0.001,0.7,0.24,0.74,0.6,7.1,7.3
Bottom Water,0.13,94,80,0.12,0.023,0.015,18.6,3.2,0.76,0.07,<0.001,0.9,0.27,0.62,0.5,7.2,7.3
Surface Water,0.11,74,850,0.093,0.013,0.013,22.4,7,0.73,0.05,<0.001,1.4,0.22,0.62,0.9,5.3,7.1
Middle Water,0.096,85,1200,0.082,0.011,0.007,22.2,7.4,0.73,0.05,<0.001,1.5,0.19,0.64,1.2,6.1,7.1
Bottom Water,0.079,86,1100,0.062,0.01,<0.002,22.2,9.8,0.82,0.05,<0.001,2.1,0.15,0.75,0.8,6.2,7.2
Surface Water,0.062,90,100,0.062,0.01,0.018,24.3,4.4,0.67,0.05,<0.001,0.8,0.13,0.6,0.8,6.2,7.4
Middle Water,0.062,86,110,0.053,0.01,<0.002,24.3,4,0.77,0.06,<0.001,1,0.13,0.71,0.9,6.0,7.4
Bottom Water,0.057,89,120,0.06,0.008,<0.002,24.3,5.4,0.84,0.05,<0.001,1.7,0.13,0.77,1.1,6.1,7.4
Surface Water,0.11,108,880,0.12,0.026,0.012,27.7,5.4,0.99,0.05,0.006,1,0.26,0.84,3.2,7.1,8.1
Middle Water,0.1,164,1500,0.13,0.026,0.012,27.7,2.6,0.87,0.05,0.006,0.9,0.26,0.71,3.9,10.8,8.1
Bottom Water,0.085,82,510,0.11,0.025,0.011,27.4,4.2,0.84,0.04,0.005,1.1,0.22,0.7,2.8,5.4,8.1
Surface Water,0.16,53,270,0.12,0.022,0.016,27.5,2.2,0.46,0.06,0.008,0.6,0.3,0.32,0.6,3.5,8.0
Middle Water,0.13,66,410,0.088,0.019,0.009,27.5,4.8,0.41,0.06,0.007,1.6,0.24,0.3,0.6,4.3,8.0
Bottom Water,0.1,64,290,0.078,0.014,0.014,26.8,3.1,0.36,0.05,0.005,0.5,0.19,0.27,0.2,4.2,8.0
Surface Water,0.14,112,760,0.17,0.035,0.021,27.7,4.2,0.48,0.06,0.006,1.1,0.35,0.27,5.2,7.4,7.9
Middle Water,0.1,57,930,0.14,0.03,0.014,27.5,10,0.51,0.05,0.004,1.8,0.27,0.34,4.6,3.8,7.9
Bottom Water,0.1,55,830,0.14,0.03,0.014,26.4,5.2,0.5,0.05,0.003,1.2,0.27,0.33,3.6,3.7,7.9
Surface Water,0.13,87,3400,0.15,0.04,0.025,26.4,6.1,0.46,0.1,0.004,1.6,0.32,0.27,<0.2,5.9,7.8
Middle Water,0.11,122,3600,0.13,0.039,0.024,26.1,4.2,0.41,0.1,0.003,1,0.28,0.24,<0.2,8.3,7.8
Bottom Water,0.046,60,3500,0.074,0.026,0.019,26.0,5,0.26,0.09,0.001,1.4,0.15,0.16,0.4,4.1,7.8
Surface Water,0.094,109,1200,0.091,0.021,0.013,28.9,6.7,0.34,0.07,0.004,2,0.21,0.23,3.5,7.0,7.9
Middle Water,0.066,141,190,0.042,0.008,0.008,29.2,9.5,0.25,0.06,0.003,2.5,0.12,0.2,1.7,9.1,7.9
Bottom Water,0.043,72,77,0.021,0.006,0.008,29.3,9.9,0.23,0.06,0.002,2.8,0.07,0.2,1.8,4.6,7.9
Surface Water,0.069,108,220,0.13,0.043,0.019,26.4,7.2,0.36,0.06,0.002,2.4,0.24,0.19,5.5,7.3,7.8
Middle Water,0.062,131,260,0.12,0.038,0.011,26.4,3.9,0.37,0.05,0.002,0.8,0.22,0.21,5.3,8.8,7.8
Bottom Water,0.052,75,420,0.1,0.034,0.015,26.3,3.6,0.37,0.05,0.002,1.4,0.19,0.24,5.1,5.0,7.8
Surface Water,0.08,107,530,0.082,0.031,0.017,22.7,5.8,0.46,0.07,0.004,1,0.19,0.35,0.5,7.7,8.1
Middle Water,0.074,154,530,0.083,0.031,0.029,23.5,4.8,0.48,0.07,0.003,1.1,0.19,0.37,0.3,10.9,8.1
Bottom Water,0.091,76,1200,0.099,0.029,0.016,23.5,3.8,0.47,0.08,0.004,0.8,0.22,0.34,0.7,5.4,8.1
Surface Water,0.11,71,820,0.16,0.016,0.032,19.7,3.2,0.75,0.06,0.003,0.5,0.29,0.57,0.7,5.4,8.0
Middle Water,0.11,83,730,0.16,0.016,0.032,19.7,4.1,0.71,0.08,0.003,0.5,0.29,0.53,<0.2,6.3,8.0
Bottom Water,0.11,85,670,0.16,0.015,0.032,19.8,5,0.66,0.09,0.003,0.6,0.29,0.48,0.3,6.4,8.0
Surface Water,0.13,96,1200,0.057,0.009,0.019,19.6,4.8,0.61,0.05,0.004,0.8,0.2,0.54,2.2,7.2,8.1
Middle Water,0.11,87,1000,0.048,0.008,0.018,19.6,4.8,0.36,0.04,0.004,0.9,0.17,0.3,2,6.6,8.1
Bottom Water,0.11,90,1200,0.049,0.008,0.017,19.5,4.3,1.26,0.08,0.004,0.8,0.17,1.2,2,6.8,8.1
Surface Water,0.13,77,370,0.078,0.009,0.013,22.2,10,0.76,0.03,0.001,1.7,0.22,0.67,<0.2,5.5,7.4
Middle Water,0.1,71,440,0.06,0.008,0.012,22.2,9.7,0.73,0.03,0.001,1.3,0.17,0.66,0.8,5.1,7.5
Bottom Water,0.096,85,450,0.049,0.005,0.01,22.2,11,0.55,<0.02,0.001,1.8,0.15,0.5,0.3,6.1,7.6
Surface Water,0.23,90,2500,0.21,0.038,0.02,25.0,14,0.6,0.05,0.006,3.3,0.48,0.35,7.8,6.2,7.8
Middle Water,0.18,80,2800,0.15,0.022,0.012,24.8,13,0.67,0.05,0.005,2.4,0.35,0.5,5.6,5.5,7.8
Bottom Water,0.21,77,3800,0.16,0.023,0.011,23.8,7.6,0.38,0.06,0.005,1.6,0.39,0.2,6.2,5.4,7.8
Surface Water,0.13,68,5500,0.37,0.085,0.011,26.3,7.6,0.6,0.04,0.004,1.4,0.59,0.14,0.3,4.7,7.7
Middle Water,0.1,66,5600,0.29,0.071,0.009,25.4,6.9,0.87,0.03,0.003,1.4,0.46,0.51,0.3,4.6,7.8
Bottom Water,0.063,57,2300,0.16,0.053,0.012,24.0,11,0.94,0.03,0.002,2.1,0.28,0.73,0.5,4.0,7.8
Surface Water,0.066,100,170,0.36,0.037,0.01,27.7,4,0.57,0.08,0.007,1.6,0.46,0.17,19,6.8,8.3
Middle Water,0.19,101,980,0.23,0.034,0.019,25.7,4.6,1.06,0.05,0.007,1.3,0.45,0.8,8.7,7.0,7.9
Bottom Water,0.12,40,550,0.27,0.034,0.015,22.5,5.1,0.8,0.06,0.004,1.5,0.42,0.5,8.6,4.6,7.9
Surface Water,0.11,75,180,0.22,0.062,0.027,28.5,1.8,1.0,0.06,0.004,0.8,0.39,0.72,5.6,4.9,7.8
Middle Water,0.12,77,820,0.22,0.062,0.028,28.4,1.4,0.82,0.04,0.005,0.8,0.4,0.54,4.8,5.1,7.8
Bottom Water,0.13,73,480,0.22,0.062,0.031,28.2,1.6,1.12,0.06,0.005,0.8,0.41,0.84,4.9,4.9,7.8
Surface Water,0.15,82,1200,0.15,0.025,0.025,28.8,13,0.89,0.08,0.006,2.5,0.33,0.71,1.2,5.3,7.9
Middle Water,0.13,74,920,0.11,0.021,0.023,28.8,16,0.52,0.07,0.005,2.3,0.26,0.39,1.3,4.8,7.9
Bottom Water,0.12,79,1200,0.1,0.018,0.023,28.9,14,0.47,0.07,0.005,1.8,0.24,0.35,0.3,5.1,7.9
Surface Water,0.14,80,1200,0.11,0.019,0.022,29.0,3.2,1.05,0.08,0.008,0.6,0.27,0.92,1.7,5.2,8.0
Middle Water,0.13,84,1400,0.099,0.017,0.022,29.0,3.6,1.32,0.08,0.007,0.9,0.25,1.2,1.3,5.4,8.0
Bottom Water,0.12,83,2000,0.095,0.017,0.024,28.9,3.7,1.21,0.08,0.007,0.8,0.23,1.1,0.9,5.4,8.0
Surface Water,0.032,91,30,0.086,0.027,0.017,24.3,2,0.52,0.03,<0.001,<0.5,0.15,0.41,2.4,6.3,7.9
Middle Water,0.033,89,140,0.087,0.027,0.016,24.4,2.1,0.64,0.05,<0.001,0.8,0.15,0.53,2.1,6.2,7.8
Bottom Water,0.035,92,170,0.089,0.027,0.017,24.4,2.9,1.06,0.05,0.001,0.8,0.15,0.94,1.9,6.4,7.8
Surface Water,0.043,86,540,0.11,0.017,0.013,22.0,12,0.83,0.05,0.001,2.4,0.17,0.7,2.8,6.2,7.8
Middle Water,0.046,95,180,0.1,0.016,0.014,22.4,12,1.01,0.04,0.001,2.7,0.16,0.89,2.7,6.9,7.8
Bottom Water,0.047,96,310,0.11,0.016,0.014,22.3,13,1.05,0.07,0.001,3,0.17,0.92,3.1,6.9,7.8
Surface Water,0.088,72,180,0.27,0.009,0.033,18.3,2,1.18,0.08,0.001,0.7,0.37,0.9,2.5,5.6,7.8
Middle Water,0.098,72,90,0.28,0.011,0.034,18.2,1.3,0.87,0.09,0.002,0.5,0.39,0.58,3,5.7,7.8
Bottom Water,0.15,74,340,0.26,0.007,0.013,18.2,2.7,0.82,0.08,0.002,0.7,0.42,0.55,3.8,5.8,7.8
Surface Water,0.13,66,30,0.047,0.011,0.014,19.9,1.2,0.56,0.06,0.002,<0.5,0.19,0.5,1.3,5.0,7.7
Middle Water,0.13,67,60,0.043,0.011,0.014,19.9,6.2,0.55,0.18,0.002,1.2,0.18,0.5,0.5,5.1,7.7
Bottom Water,0.12,70,120,0.042,0.009,0.013,19.9,1.3,0.52,0.29,0.002,<0.5,0.17,0.47,0.5,5.2,7.7
Surface Water,0.1,63,80,0.038,0.009,0.014,20.2,5.4,0.82,0.07,0.002,1.1,0.15,0.77,0.4,4.7,7.7
Middle Water,0.1,66,130,0.036,0.009,0.014,20.3,3.6,1.35,0.12,0.002,1,0.15,1.3,0.5,4.9,7.7
Bottom Water,0.098,67,90,0.034,0.01,0.015,20.3,3.6,0.67,0.05,0.002,0.7,0.14,0.63,0.3,5.0,7.7
Surface Water,0.12,63,60,0.059,0.006,0.02,23.7,2.1,0.75,0.06,0.002,0.5,0.19,0.68,3,4.4,7.5
Middle Water,0.11,64,40,0.061,0.006,0.02,23.6,2.3,1.06,0.06,0.002,0.5,0.18,0.99,2.4,4.5,7.5
Bottom Water,0.089,76,130,0.068,0.006,0.02,23.4,2.1,0.85,0.07,0.001,0.7,0.16,0.78,2.4,5.3,7.5
Surface Water,0.1,67,270,0.063,0.009,0.018,24.5,2.8,0.97,0.04,0.001,0.8,0.17,0.9,2.1,4.6,7.4
Middle Water,0.095,63,180,0.054,0.008,0.015,24.4,2,0.86,0.05,0.001,0.5,0.16,0.8,1.1,4.3,7.4
Bottom Water,0.092,67,220,0.051,0.008,0.017,24.4,1.4,0.48,0.07,<0.001,<0.5,0.15,0.42,1.2,4.6,7.4
Surface Water,0.13,88,570,0.12,0.046,0.018,25.4,5.2,0.39,0.08,0.002,1,0.3,0.22,2.7,6.0,7.5
Middle Water,0.12,81,980,0.12,0.046,0.016,25.4,4.8,0.57,0.08,0.002,0.9,0.29,0.4,3.4,5.5,7.5
Bottom Water,0.13,81,1100,0.12,0.046,0.004,25.4,5.3,0.61,0.08,0.002,1,0.3,0.44,4.2,5.5,7.5
Surface Water,0.052,82,290,0.066,0.027,0.018,20.4,6.9,0.68,0.03,<0.001,0.7,0.15,0.59,0.6,6.1,7.6
Middle Water,0.057,85,480,0.016,0.028,0.009,20.4,5.2,0.52,0.04,<0.001,<0.5,0.1,0.48,<0.2,6.3,7.6
Bottom Water,0.052,85,440,0.062,0.028,0.01,20.5,3,0.42,0.03,<0.001,<0.5,0.14,0.33,0.4,6.3,7.6
Surface Water,0.1,84,1800,0.078,0.031,0.021,20.1,6.8,0.82,0.04,0.001,1,0.21,0.71,0.8,6.2,7.5
Middle Water,0.073,73,930,0.071,0.029,0.019,20.1,5.3,0.73,0.04,<0.001,0.7,0.17,0.63,1,5.4,7.6
Bottom Water,0.07,86,560,0.071,0.029,0.018,20.0,5.5,1.0,0.06,<0.001,1.2,0.17,0.9,0.8,6.4,7.6
Surface Water,0.054,76,180,0.066,0.013,0.016,17.5,4.8,0.76,0.03,<0.001,0.9,0.13,0.68,0.5,6.0,7.4
Middle Water,0.048,89,260,0.084,0.013,0.018,17.7,4.9,0.9,0.04,<0.001,1.2,0.15,0.8,0.5,6.9,7.4
Bottom Water,0.047,88,430,0.072,0.012,0.018,17.7,7,0.59,0.03,<0.001,1.4,0.13,0.51,0.5,6.9,7.4
Surface Water,0.085,87,490,0.019,0.002,<0.002,19.9,3.8,0.41,0.03,0.001,0.7,0.11,0.39,0.4,6.6,7.7
Middle Water,0.087,90,500,0.037,0.007,0.005,19.7,5.6,0.59,0.03,0.001,1,0.13,0.55,0.3,6.8,7.7
Bottom Water,0.08,89,530,0.004,<0.002,0.004,19.7,9.3,0.33,0.03,0.001,1.6,0.09,0.32,0.3,6.8,7.7
Surface Water,0.13,112,410,0.053,0.015,0.015,22.1,4,0.53,0.03,0.008,0.6,0.2,0.46,0.7,8.1,8.2
Middle Water,0.12,80,840,0.043,0.008,0.014,22.0,4.6,0.58,0.04,0.008,0.7,0.17,0.53,<0.2,5.8,8.3
Bottom Water,0.1,82,930,0.023,0.007,0.013,22.0,4.8,0.42,0.03,0.006,0.8,0.13,0.39,0.4,5.9,8.3
Surface Water,0.06,91,30,0.045,0.008,<0.002,24.3,8.9,0.4,0.03,0.003,2.2,0.11,0.35,5.2,6.3,8.0
Middle Water,0.05,96,50,<0.002,<0.002,<0.002,24.1,10,0.38,0.03,0.002,2.8,0.05,0.38,5.8,6.7,8.1
Bottom Water,0.042,93,60,0.021,0.005,<0.002,24.1,10,0.35,0.03,0.002,2.5,0.07,0.32,5.8,6.5,8.0
Surface Water,0.065,97,840,0.48,0.014,<0.002,27.5,4.3,0.7,0.06,0.003,1.9,0.56,0.21,21,6.6,8.0
Middle Water,0.045,94,1800,0.43,0.014,<0.002,27.2,3.7,0.52,0.02,0.002,1.5,0.49,0.08,17,6.5,8.0
Bottom Water,0.049,75,840,0.14,0.009,0.007,25.5,3.7,0.23,0.02,0.002,1,0.2,0.08,4.2,5.1,7.9
Surface Water,0.055,96,6900,0.26,0.015,<0.002,28.4,3.3,0.63,0.04,0.004,1.8,0.33,0.35,23,6.4,8.2
Middle Water,0.074,81,10000,0.25,0.016,0.006,27.5,4.6,0.55,0.05,0.005,2,0.34,0.28,18,5.5,8.1
Bottom Water,0.06,41,3700,0.23,0.017,0.018,23.5,2.6,0.39,0.05,0.002,1.4,0.31,0.14,6.1,2.9,7.9
Surface Water,0.16,71,1400,0.22,0.025,0.015,26.1,2.8,0.56,0.05,0.005,1.2,0.41,0.31,12,4.8,7.8
Middle Water,0.12,68,3000,0.22,0.024,0.019,26.0,2.6,0.5,0.04,0.004,1.1,0.36,0.26,12,4.6,7.8
Bottom Water,0.069,70,2200,0.2,0.016,0.014,25.5,9.9,0.39,0.06,0.002,2,0.29,0.17,7.9,4.8,7.8
Surface Water,0.11,82,520,0.11,0.018,0.014,28.0,4,0.44,0.07,0.001,0.9,0.24,0.31,2.9,5.4,7.4
Middle Water,0.1,66,1700,0.13,0.017,0.012,27.9,3.9,0.44,0.07,0.001,0.9,0.25,0.29,2.5,4.3,7.4
Bottom Water,0.096,72,2500,0.11,0.017,0.016,27.9,6.2,0.49,0.09,0.001,1,0.22,0.36,2.1,4.7,7.4
Surface Water,0.048,70,220,0.046,0.012,0.012,27.5,3.4,0.68,0.07,0.003,0.8,0.11,0.62,1.8,4.6,8.0
Middle Water,0.038,87,300,0.049,0.012,0.012,27.9,5,0.5,0.05,0.002,1.2,0.1,0.44,2.2,5.7,8.0
Bottom Water,0.033,86,440,0.04,0.012,0.028,27.9,4.9,0.33,0.05,0.002,0.8,0.09,0.28,1.7,5.6,8.1
Surface Water,0.058,67,370,0.17,0.025,0.019,23.4,4.9,0.85,0.13,<0.001,1.3,0.25,0.65,1.2,4.7,7.2
Middle Water,0.063,85,1100,0.17,0.024,0.019,23.4,6,0.64,0.11,<0.001,1.5,0.26,0.45,0.9,6.0,7.2
Bottom Water,0.064,84,850,0.17,0.026,0.018,23.3,20,0.58,0.13,<0.001,3.3,0.26,0.38,0.6,5.9,7.2
Surface Water,0.1,69,1100,0.058,0.012,<0.002,22.7,9,0.87,0.06,0.001,1.4,0.17,0.8,0.7,4.9,7.6
Middle Water,0.095,82,1200,0.077,0.011,0.011,22.6,11,0.41,0.06,0.001,2.4,0.18,0.32,0.6,5.9,7.5
Bottom Water,0.078,85,720,0.036,0.011,<0.002,22.6,6.6,0.72,0.07,0.001,1.3,0.13,0.67,0.6,6.1,7.6
Surface Water,0.038,87,790,0.033,0.026,<0.002,18.2,6.6,0.51,0.07,<0.001,1.8,0.1,0.45,0.7,6.8,7.3
Middle Water,0.031,92,780,0.027,0.023,<0.002,18.2,6.9,0.63,0.07,<0.001,1.6,0.08,0.58,1,7.1,7.3
Bottom Water,0.03,92,630,0.024,0.018,<0.002,18.2,4.6,0.58,0.08,<0.001,1,0.07,0.54,0.8,7.1,7.3
Surface Water,0.25,84,300,0.17,0.03,0.037,18.7,5.8,0.61,0.09,0.002,1.4,0.45,0.41,1.6,6.4,7.3
Middle Water,0.21,89,540,0.16,0.023,0.03,18.4,5.9,0.74,0.07,0.001,1.2,0.39,0.56,2.3,6.8,7.4
Bottom Water,0.16,90,300,0.12,0.016,0.022,18.3,7.4,0.78,0.12,0.001,1.2,0.3,0.64,1.1,7.0,7.4
Surface Water,0.094,90,70,0.083,0.016,<0.002,18.9,5.3,0.84,0.08,<0.001,1.5,0.19,0.74,0.7,6.9,7.2
Middle Water,0.088,91,130,0.095,0.013,0.019,18.9,1.8,0.77,0.07,<0.001,0.9,0.2,0.66,0.5,6.9,7.2
Bottom Water,0.06,91,330,0.067,0.008,0.003,18.8,2,0.23,0.07,<0.001,0.9,0.14,0.15,0.6,6.9,7.2
Surface Water,0.14,74,1300,0.11,0.016,0.006,22.5,4.2,0.78,0.06,<0.001,1,0.27,0.65,1.4,5.3,7.1
Middle Water,0.12,85,800,0.099,0.014,0.007,22.3,8.3,0.58,0.06,<0.001,2,0.23,0.47,0.9,6.1,7.1
Bottom Water,0.089,86,2300,0.037,0.008,0.003,22.2,9.9,0.64,0.05,<0.001,2,0.13,0.59,0.8,6.2,7.2
Surface Water,0.059,76,3000,0.065,0.008,0.025,24.1,6,0.76,0.05,<0.001,0.9,0.13,0.69,0.6,5.2,7.4
Middle Water,0.061,86,1800,0.055,0.01,<0.002,24.3,5.6,0.7,0.06,<0.001,1.1,0.13,0.63,1.1,6.0,7.4
Bottom Water,0.062,86,2600,0.058,0.007,<0.002,24.3,5.7,0.78,0.05,<0.001,1.9,0.13,0.71,1.2,6.0,7.4
Surface Water,0.22,112,500,0.19,0.031,0.025,27.9,5.5,1.1,0.06,0.011,1,0.44,0.88,2,7.4,8.0
Middle Water,0.2,165,1400,0.19,0.033,0.011,27.9,3.2,0.88,0.06,0.01,0.7,0.42,0.66,1.9,10.9,8.0
Bottom Water,0.18,72,2100,0.17,0.032,0.023,27.8,4.5,0.98,0.06,0.009,1.4,0.38,0.78,1.7,4.8,8.0
Surface Water,0.22,59,550,0.13,0.026,0.02,27.2,6.4,0.55,0.08,0.009,2.1,0.38,0.39,0.4,3.9,7.9
Middle Water,0.23,57,800,0.005,0.003,0.007,27.1,2.2,0.38,0.08,0.01,0.6,0.24,0.37,0.6,3.8,7.9
Bottom Water,0.2,59,1500,0.12,0.024,0.023,27.1,2.8,0.49,0.07,0.009,0.8,0.34,0.35,0.4,4.0,7.9
Surface Water,0.15,113,1800,0.16,0.036,0.019,28.1,3.7,0.57,0.07,0.006,1,0.35,0.37,4.5,7.4,7.9
Middle Water,0.13,89,1400,0.16,0.033,0.017,27.5,7.4,0.46,0.05,0.005,2.5,0.32,0.27,3.6,5.9,7.9
Bottom Water,0.1,64,530,0.14,0.028,0.016,26.8,7.4,0.44,0.06,0.004,1.5,0.27,0.27,3.2,4.3,7.9
Surface Water,0.12,115,4300,0.14,0.044,0.022,26.5,4.6,0.46,0.1,0.003,1,0.3,0.28,0.3,7.8,7.8
Middle Water,0.11,64,4300,0.14,0.041,0.025,26.2,6.5,0.41,0.1,0.003,1.7,0.29,0.23,0.7,4.3,7.8
Bottom Water,0.1,55,880,0.13,0.04,0.013,26.2,5.4,0.33,0.09,0.003,1.6,0.27,0.16,0.9,3.7,7.8
Surface Water,0.075,84,130,0.063,0.009,0.009,29.3,7,0.29,0.06,0.003,2.3,0.15,0.22,3,5.4,7.9
Middle Water,0.075,79,180,0.055,0.01,0.006,29.3,9.6,0.31,0.08,0.003,3,0.14,0.24,2.2,5.1,7.9
Bottom Water,0.056,66,80,0.033,0.008,0.008,29.3,12,0.23,0.07,0.002,3.2,0.1,0.19,1.1,4.2,7.9
Surface Water,0.069,96,180,0.13,0.043,0.01,26.4,2.8,0.36,0.06,0.002,0.8,0.24,0.19,6.1,6.4,7.8
Middle Water,0.057,79,160,0.1,0.042,0.006,26.4,2.5,0.37,0.06,0.002,1,0.2,0.23,5.4,5.3,7.8
Bottom Water,0.041,71,550,0.074,0.033,0.004,26.3,4.1,0.41,0.05,0.001,1.1,0.15,0.3,5.2,4.8,7.8
Surface Water,0.13,109,1400,0.1,0.032,0.019,22.8,3.5,0.6,0.08,0.007,0.8,0.26,0.47,0.7,8.5,8.1
Middle Water,0.1,157,900,0.095,0.031,0.016,23.6,1.4,0.46,0.07,0.005,<0.5,0.23,0.33,0.8,11.1,8.1
Bottom Water,0.11,121,440,0.094,0.03,0.016,23.6,7,0.55,0.11,0.005,1.4,0.23,0.43,0.6,8.5,8.1
Surface Water,0.12,74,1600,0.17,0.017,0.033,19.6,3.7,0.78,0.07,0.004,0.7,0.31,0.59,<0.2,5.6,8.0
Middle Water,0.13,83,1300,0.17,0.017,0.034,19.8,5,0.85,0.08,0.004,0.8,0.32,0.66,0.3,6.3,8.0
Bottom Water,0.12,83,1400,0.17,0.016,0.032,19.8,5.4,0.77,0.09,0.004,0.8,0.31,0.58,0.2,6.3,8.0
Surface Water,0.23,93,11000,0.11,0.014,0.027,19.1,17,0.63,0.04,0.008,2.7,0.35,0.51,1.2,7.1,8.1
Middle Water,0.18,77,8600,0.094,0.012,0.025,19.0,16,0.85,0.03,0.007,2.3,0.29,0.74,1.1,5.9,8.1
Bottom Water,0.2,84,7300,0.093,0.012,0.018,19.0,8.8,0.94,0.03,0.008,1.4,0.31,0.83,1.2,6.4,8.1
Surface Water,0.12,80,420,0.052,0.009,0.019,19.5,3.8,0.34,0.05,0.002,0.8,0.18,0.28,1.9,6.1,7.7
Middle Water,0.12,85,860,0.052,0.009,0.018,19.6,3.9,0.58,0.06,0.002,1,0.18,0.52,1.9,6.4,7.8
Bottom Water,0.11,87,840,0.074,0.01,0.026,19.6,3.8,0.54,0.05,0.003,0.9,0.19,0.46,1.7,6.6,7.9
Surface Water,0.2,86,790,0.12,0.011,0.007,22.2,11,0.83,0.04,0.003,2,0.33,0.7,0.5,6.2,7.6
Middle Water,0.18,68,810,0.11,0.011,0.013,22.3,9.4,1.0,0.04,0.003,1.5,0.3,0.88,0.4,4.9,7.6
Bottom Water,0.17,80,780,0.11,0.01,0.007,22.2,11,0.67,<0.02,0.003,1.7,0.29,0.55,0.5,5.7,7.6
Surface Water,0.19,90,980,0.13,0.012,0.006,24.8,11,0.58,0.03,0.005,2.4,0.33,0.44,3,6.2,7.8
Middle Water,0.17,71,1000,0.12,0.011,0.006,24.7,9.5,0.48,0.05,0.005,1.7,0.3,0.35,2.4,4.9,7.8
Bottom Water,0.16,75,970,0.11,0.012,0.006,24.2,8.5,0.75,0.04,0.004,1.6,0.28,0.63,1.9,5.2,7.8
Surface Water,0.18,66,4500,0.41,0.092,0.013,26.6,5.9,0.75,0.04,0.004,1.2,0.68,0.25,1,4.6,7.7
Middle Water,0.13,66,3100,0.36,0.088,0.007,26.3,9.9,0.62,0.03,0.003,1.7,0.58,0.17,<0.2,4.6,7.7
Bottom Water,0.11,63,5400,0.36,0.089,0.01,25.2,6.6,0.67,0.04,0.003,1.6,0.56,0.22,0.5,4.4,7.7
Surface Water,0.049,110,220,0.38,0.036,0.009,27.5,4.1,0.66,0.03,0.006,1.7,0.47,0.24,21,7.5,8.4
Middle Water,0.2,100,21000,0.27,0.037,0.012,27.0,3.8,0.98,0.05,0.013,1.3,0.51,0.67,13,6.9,8.1
Bottom Water,0.18,30,7500,0.24,0.034,0.013,23.1,5.5,0.9,0.06,0.006,1.7,0.45,0.63,12,4.7,7.9
Surface Water,0.1,92,480,0.23,0.041,0.005,28.7,6.7,0.96,0.04,0.007,1.9,0.37,0.69,6,6.2,8.1
Middle Water,0.098,87,1100,0.23,0.041,0.006,28.6,7.8,1.12,0.05,0.005,1.8,0.37,0.85,5.3,5.8,8.0
Bottom Water,0.17,51,710,0.2,0.028,0.022,26.8,12,1.14,0.06,0.004,3,0.4,0.91,3.8,3.4,7.7
Surface Water,0.16,65,1000,0.15,0.025,0.028,28.7,13,0.65,0.08,0.006,2.8,0.34,0.47,0.6,4.2,7.8
Middle Water,0.16,72,2700,0.13,0.025,0.025,28.8,12,0.69,0.07,0.006,2,0.32,0.53,1,4.7,7.8
Bottom Water,0.15,71,750,0.13,0.024,0.027,28.8,14,0.73,0.07,0.006,2,0.3,0.58,0.6,4.6,7.9
Surface Water,0.19,69,2400,0.12,0.023,0.026,29.0,3,1.24,0.08,0.009,0.8,0.33,1.1,1.4,4.5,7.9
Middle Water,0.19,73,1300,0.12,0.022,0.027,29.0,3.7,1.44,0.08,0.009,0.9,0.33,1.3,1,4.7,7.9
Bottom Water,0.19,73,3700,0.12,0.023,0.028,29.0,3.2,1.34,0.09,0.009,0.8,0.33,1.2,0.9,4.7,7.9
Surface Water,0.057,82,130,0.097,0.03,0.02,24.6,1.4,1.1,0.04,0.002,<0.5,0.18,0.97,3.8,5.6,7.9
Middle Water,0.048,84,260,0.093,0.029,0.02,24.5,2.5,0.79,0.07,0.001,1.3,0.17,0.67,3.5,5.8,7.8
Bottom Water,0.045,90,190,0.093,0.037,0.019,24.5,2.6,0.58,0.05,0.001,0.6,0.18,0.45,2.2,6.2,7.8
Surface Water,0.06,87,250,0.13,0.018,0.016,22.3,10,0.91,0.06,0.001,1.7,0.21,0.76,3.2,6.3,7.8
Middle Water,0.054,94,250,0.13,0.019,0.016,22.5,11,0.72,0.05,0.001,2,0.2,0.57,3.6,6.7,7.8
Bottom Water,0.057,95,220,0.12,0.017,0.016,22.4,10,0.96,0.08,0.001,2.1,0.19,0.82,3.8,6.8,7.8
Surface Water,0.14,71,380,0.26,0.008,0.008,18.4,1.7,0.93,0.08,0.002,0.6,0.41,0.66,3.3,5.5,7.7
Middle Water,0.15,70,290,0.26,0.007,0.03,18.4,2.6,1.18,0.08,0.002,0.6,0.42,0.91,3.4,5.5,7.7
Bottom Water,0.096,73,430,0.26,0.008,0.022,18.4,2.4,1.16,0.08,0.001,0.6,0.36,0.89,4.8,5.7,7.7
Surface Water,0.13,67,180,0.046,0.01,0.014,19.8,1.3,0.5,0.06,0.002,<0.5,0.19,0.44,0.8,5.0,7.7
Middle Water,0.12,66,190,0.046,0.01,0.015,19.8,1.7,0.42,0.31,0.002,<0.5,0.18,0.36,0.6,5.0,7.7
Bottom Water,0.11,73,190,0.04,0.009,0.014,19.8,1.5,0.37,0.27,0.002,<0.5,0.16,0.32,0.6,5.5,7.7
Surface Water,0.11,65,210,0.04,0.01,0.014,20.1,5.9,1.05,0.07,0.002,0.8,0.16,1,1.1,4.9,7.7
Middle Water,0.11,66,190,0.035,0.015,0.015,20.3,4.2,0.91,0.06,0.002,0.8,0.16,0.86,0.7,4.9,7.7
Bottom Water,0.11,73,220,0.041,0.01,0.015,20.3,4.1,0.74,0.05,0.002,0.7,0.16,0.69,0.4,5.5,7.7
Surface Water,0.16,68,120,0.068,0.006,0.022,23.6,2.7,0.93,0.06,0.002,<0.5,0.23,0.86,1.9,4.7,7.5
Middle Water,0.15,61,350,0.061,0.006,0.021,23.6,2.3,1.04,0.06,0.002,<0.5,0.22,0.97,1.4,4.3,7.5
Bottom Water,0.16,67,310,0.078,0.006,0.023,23.5,2.7,1.38,0.08,0.002,0.6,0.24,1.3,1.9,4.7,7.5
Surface Water,0.16,65,330,0.097,0.012,0.023,24.6,1.4,0.9,0.06,0.002,<0.5,0.27,0.79,1.5,4.5,7.4
Middle Water,0.15,60,800,0.086,0.011,0.021,24.6,2.5,1.02,0.05,0.001,0.5,0.25,0.92,1.1,4.2,7.4
Bottom Water,0.11,63,510,0.067,0.01,0.017,24.5,5.1,0.44,0.07,0.001,0.9,0.19,0.36,0.9,4.4,7.4
Surface Water,0.15,84,510,0.11,0.049,0.018,25.4,5,0.39,0.07,0.002,1,0.31,0.23,3.5,5.7,7.5
Middle Water,0.15,70,730,0.11,0.05,0.017,25.3,5,0.69,0.08,0.002,0.9,0.31,0.53,3.3,4.8,7.5
Bottom Water,0.15,81,920,0.11,0.05,0.016,25.3,3.5,0.59,0.07,0.002,0.8,0.31,0.43,3.6,5.6,7.5
Surface Water,0.114,72,770,0.087,0.032,0.023,20.2,12,0.67,0.04,0.001,1.6,0.23,0.55,0.7,5.3,7.6
Middle Water,0.11,79,1200,0.089,0.032,0.023,20.5,5,1.11,0.05,0.001,0.9,0.23,0.99,0.3,5.8,7.6
Bottom Water,0.14,78,1600,0.087,0.032,0.023,20.5,2.8,1.08,0.06,0.002,<0.5,0.26,0.96,0.7,5.8,7.6
Surface Water,0.17,94,7000,0.093,0.035,0.027,20.3,8,1.23,0.04,0.002,1.4,0.3,1.1,0.7,7.0,7.5
Middle Water,0.17,71,7000,0.094,0.035,0.027,20.2,5.4,0.83,0.04,0.002,0.9,0.3,0.7,0.5,5.3,7.5
Bottom Water,0.18,78,9900,0.089,0.035,0.027,20.2,5.8,0.87,0.09,0.002,1,0.3,0.75,1,5.8,7.5
Surface Water,0.075,90,240,0.081,0.014,0.019,17.5,4.2,0.9,0.04,<0.001,1.1,0.17,0.8,0.7,7.1,7.3
Middle Water,0.068,86,240,0.084,0.013,0.019,17.7,4.1,0.81,0.03,<0.001,0.7,0.17,0.71,0.4,6.7,7.4
Bottom Water,0.072,87,260,0.082,0.014,0.019,17.7,4.4,0.78,0.03,<0.001,0.8,0.17,0.68,0.5,6.8,7.4
Surface Water,0.1,84,550,0.006,0.002,<0.002,19.9,2.8,0.47,0.05,0.001,<0.5,0.11,0.46,0.5,6.4,7.7
Middle Water,0.095,76,730,0.044,0.01,<0.002,19.8,3.4,0.63,0.03,0.001,0.6,0.15,0.58,0.6,5.8,7.7
Bottom Water,0.093,88,1000,0.039,0.007,0.006,19.7,3,0.34,0.02,0.001,<0.5,0.14,0.29,0.3,6.7,7.7
Surface Water,0.2,103,3500,0.074,0.009,0.013,22.1,4.7,0.71,0.04,0.011,0.7,0.28,0.63,0.4,7.5,8.2
Middle Water,0.19,70,2800,0.057,0.009,0.013,22.1,3.8,0.48,0.04,0.011,0.7,0.26,0.41,0.3,5.1,8.2
Bottom Water,0.17,74,3100,0.046,0.009,<0.002,22.1,6,0.41,0.03,0.01,0.8,0.23,0.35,0.5,5.4,8.2
Surface Water,0.061,81,40,0.073,0.018,0.012,24.6,8,0.55,0.04,0.003,2.1,0.15,0.46,10,5.6,8.1
Middle Water,0.06,104,30,0.055,0.017,<0.002,24.4,9.4,0.56,0.04,0.003,3.5,0.13,0.49,10,7.2,8.1
Bottom Water,0.06,100,60,0.031,0.011,<0.002,24.3,8.2,0.71,0.04,0.003,2.1,0.1,0.67,6.9,6.9,8.1
Surface Water,0.067,99,4100,0.49,0.013,<0.002,27.7,4.3,0.68,0.03,0.004,1.8,0.57,0.18,21,6.8,8.0
Middle Water,0.081,89,2500,0.43,0.013,<0.002,27.1,3,0.64,0.05,0.004,0.9,0.52,0.2,14,6.1,7.9
Bottom Water,0.072,72,1300,0.24,0.011,0.011,26.0,3.1,0.34,0.03,0.003,2,0.32,0.09,6.2,4.9,7.9
Surface Water,0.08,94,20000,0.27,0.014,<0.002,28.4,2.7,0.64,0.04,0.007,1.8,0.36,0.36,25,6.3,8.2
Middle Water,0.074,97,19000,0.27,0.016,<0.002,28.1,4.4,0.72,0.04,0.006,2.2,0.36,0.43,23,6.5,8.1
Bottom Water,0.089,89,12000,0.25,0.017,0.012,25.0,1.7,0.44,0.06,0.003,1.2,0.36,0.17,12,6.2,7.9
Surface Water,0.15,86,4600,0.22,0.025,0.016,26.8,3.1,0.69,0.05,0.005,1.6,0.4,0.44,15,5.8,7.8
Middle Water,0.16,74,4100,0.21,0.022,0.018,26.1,3,0.55,0.05,0.004,1.3,0.39,0.32,13,5.0,7.8
Bottom Water,0.12,61,1500,0.2,0.018,0.019,24.9,11,0.41,0.06,0.003,2.4,0.34,0.19,8.8,4.2,7.7
Surface Water,0.13,67,4400,0.12,0.02,0.011,27.9,5.6,0.54,0.09,0.002,1.3,0.27,0.4,2.9,4.4,7.3
Middle Water,0.13,71,5300,0.12,0.019,0.016,27.9,4.1,0.5,0.07,0.002,1,0.27,0.36,2.9,4.7,7.3
Bottom Water,0.13,71,4900,0.12,0.019,0.014,27.9,5.6,0.68,0.09,0.002,1,0.27,0.54,2.8,4.6,7.3
Surface Water,0.08,76,470,0.077,0.019,<0.002,27.9,4.4,0.79,0.06,0.004,1,0.18,0.69,2.6,4.9,8.0
Middle Water,0.061,84,630,0.068,0.017,0.014,27.9,4.3,0.59,0.06,0.003,0.8,0.15,0.5,2.2,5.5,8.0
Bottom Water,0.056,86,590,0.061,0.017,0.015,27.9,3.2,0.6,0.06,0.003,0.6,0.13,0.52,1.6,5.6,8.0
Surface Water,0.082,69,20,0.18,0.025,0.02,23.6,3.1,0.67,0.1,<0.001,0.8,0.29,0.46,0.9,4.8,7.2
Middle Water,0.084,80,530,0.17,0.025,0.02,23.4,4.6,0.85,0.13,<0.001,1.1,0.28,0.65,0.6,5.6,7.2
Bottom Water,0.1,78,530,0.16,0.025,0.015,23.4,5,0.82,0.13,<0.001,0.8,0.29,0.63,0.5,5.5,7.2
Surface Water,0.1,81,130,0.075,0.013,0.011,22.7,8.6,0.66,0.06,0.001,1.6,0.19,0.57,0.9,5.8,7.5
Middle Water,0.092,83,140,0.062,0.015,<0.002,22.7,5.4,0.47,0.06,0.001,0.8,0.17,0.39,0.7,5.9,7.5
Bottom Water,0.085,83,420,0.058,0.014,0.01,22.6,5.4,0.52,0.06,0.001,1,0.16,0.45,0.6,5.9,7.5
Surface Water,0.074,76,200,0.079,0.031,0.012,18.4,7.1,0.69,0.07,<0.001,2.3,0.18,0.58,1.9,5.8,7.3
Middle Water,0.07,87,210,0.078,0.034,0.018,18.4,5,0.71,0.07,<0.001,1.7,0.18,0.6,1.4,6.7,7.3
Bottom Water,0.081,86,490,0.09,0.032,0.019,18.4,7.4,0.78,0.08,<0.001,1.4,0.2,0.66,0.8,6.6,7.3
Surface Water,0.19,81,120,0.12,0.011,0.021,18.7,5.4,0.5,0.08,0.001,1.4,0.32,0.37,1.2,6.2,7.4
Middle Water,0.18,86,340,0.12,0.01,0.02,18.6,7.6,0.65,0.06,0.001,1.6,0.31,0.52,1.2,6.6,7.4
Bottom Water,0.19,84,510,0.12,0.011,0.018,18.5,7.6,0.76,0.06,0.001,1.3,0.32,0.63,0.8,6.5,7.4
Surface Water,0.13,91,30,0.13,0.021,0.018,19.0,4.5,0.74,0.07,<0.001,1.3,0.28,0.59,0.5,6.9,7.3
Middle Water,0.14,92,40,0.12,0.019,0.019,18.9,0.5,0.73,0.06,<0.001,<0.5,0.28,0.59,0.8,7.0,7.3
Bottom Water,0.13,91,50,0.12,0.019,0.014,18.9,3.4,0.44,0.08,<0.001,1.2,0.27,0.3,0.6,6.9,7.3
Surface Water,0.16,77,450,0.13,0.015,0.009,22.5,6.9,0.69,0.06,<0.001,1.4,0.31,0.54,1.5,5.5,7.1
Middle Water,0.15,81,850,0.12,0.014,0.011,22.4,14,0.6,0.06,<0.001,2.6,0.28,0.47,1,5.8,7.1
Bottom Water,0.15,81,1300,0.11,0.015,0.006,22.3,10,0.91,0.06,<0.001,2,0.28,0.78,0.8,5.8,7.1
Surface Water,0.072,86,540,0.083,0.01,0.019,24.3,8.7,0.86,0.06,<0.001,1.3,0.17,0.77,1,5.9,7.4
Middle Water,0.075,84,1300,0.076,0.011,0.021,24.3,7.7,0.68,0.06,<0.001,1.6,0.16,0.59,0.9,5.8,7.4
Bottom Water,0.073,84,1100,0.078,0.009,<0.002,24.3,11,0.84,0.06,<0.001,3.2,0.16,0.75,0.7,5.8,7.4
Surface Water,0.24,107,1100,0.22,0.031,0.026,28.1,6.6,0.95,0.06,0.012,1.2,0.49,0.7,1.5,7.0,7.9
Middle Water,0.24,155,2600,0.21,0.031,0.026,28.0,10,0.91,0.06,0.012,1.6,0.48,0.67,1.2,10.3,7.9
Bottom Water,0.2,94,1900,0.19,0.03,0.024,27.8,3.7,1.04,0.06,0.01,1,0.42,0.82,1.1,6.2,8.0
Surface Water,0.25,52,1600,0.14,0.026,0.019,27.3,4.2,0.59,0.08,0.01,1.5,0.42,0.42,0.8,3.5,7.9
Middle Water,0.22,53,2800,0.12,0.026,0.019,26.9,7,0.55,0.08,0.009,1.2,0.37,0.4,0.5,3.5,7.9
Bottom Water,0.21,54,1500,0.11,0.023,0.023,27.0,5.7,0.5,0.07,0.009,1.2,0.34,0.37,0.3,3.6,7.9
Surface Water,0.18,64,2000,0.18,0.04,0.02,28.2,5.9,0.54,0.06,0.007,1.2,0.4,0.32,4.5,4.3,7.9
Middle Water,0.18,60,950,0.2,0.04,0.018,27.9,5.1,0.59,0.06,0.007,1.2,0.42,0.35,4.2,4.0,7.8
Bottom Water,0.17,60,2100,0.18,0.039,0.02,27.8,4.6,0.57,0.06,0.006,1,0.39,0.35,4,4.0,7.8
Surface Water,0.13,64,5600,0.14,0.042,0.026,26.1,7.6,0.45,0.1,0.004,1.5,0.31,0.27,0.7,4.4,7.8
Middle Water,0.12,66,7800,0.14,0.04,0.005,26.0,11,0.42,0.1,0.003,2.1,0.3,0.24,0.6,4.5,7.8
Bottom Water,0.12,65,12000,0.14,0.04,0.026,26.0,13,0.47,0.1,0.003,3,0.3,0.29,0.8,4.4,7.8
Surface Water,0.085,82,90,0.078,0.012,0.013,29.5,8.9,0.29,0.07,0.004,2.6,0.18,0.2,0.8,5.3,7.8
Middle Water,0.078,83,320,0.058,0.01,0.01,29.4,11,0.31,0.07,0.003,3.4,0.15,0.24,2.6,5.3,7.9
Bottom Water,0.049,82,520,0.029,0.007,0.007,29.3,13,0.21,0.07,0.002,3,0.09,0.17,0.9,5.3,7.9
Surface Water,0.097,106,430,0.14,0.05,0.025,26.2,5.3,0.42,0.07,0.003,3,0.29,0.23,4.7,7.1,7.8
Middle Water,0.095,119,340,0.15,0.053,0.01,26.4,3.3,0.43,0.07,0.003,0.8,0.3,0.23,5.1,8.0,7.7
Bottom Water,0.1,89,330,0.15,0.052,0.019,26.4,3.4,0.5,0.07,0.003,1.1,0.3,0.3,5.2,6.0,7.7
Surface Water,0.16,107,900,0.12,0.036,0.013,22.5,3.1,0.6,0.07,0.008,0.8,0.32,0.44,1,8.4,8.0
Middle Water,0.16,144,1000,0.12,0.036,0.021,23.7,2.1,0.63,0.12,0.007,<0.5,0.32,0.47,0.4,10.1,8.0
Bottom Water,0.17,151,800,0.12,0.039,0.024,23.6,2.8,0.63,0.1,0.007,0.7,0.33,0.47,<0.2,10.7,8.0
Surface Water,0.28,94,130,0.13,0.015,0.022,19.9,2.4,1.15,0.05,0.012,0.6,0.43,1,0.8,7.1,8.1
Bottom Water,0.28,74,510,0.12,0.014,0.019,19.8,3,0.64,0.04,0.012,0.9,0.41,0.51,0.3,5.6,8.2
Surface Water,0.18,66,36000,0.23,0.049,0.022,25.9,15,0.6,0.07,0.003,2.9,0.46,0.32,0.7,4.7,7.6
Bottom Water,0.19,67,21000,0.17,0.06,0.02,26.1,11,0.62,0.07,0.004,2.2,0.42,0.39,0.4,4.6,7.6
Surface Water,0.23,63,2200,0.18,0.035,0.036,29.1,4.3,0.74,0.09,0.008,1.2,0.45,0.52,0.7,4.1,7.8
Bottom Water,0.22,63,4100,0.17,0.034,0.035,29.1,6,0.81,0.09,0.008,1.8,0.42,0.61,1.3,4.1,7.8
Surface Water,0.066,75,5900,0.062,0.006,0.014,27.5,14,0.98,0.08,0.003,3.8,0.13,0.91,<0.2,4.9,8.0
Bottom Water,0.058,80,3900,0.047,0.006,0.014,27.6,18,0.34,0.07,0.003,3.9,0.11,0.29,0.4,5.3,8.0
Surface Water,0.39,87,7200,0.18,0.022,0.027,24.2,3.1,0.87,0.09,0.008,0.5,0.59,0.67,1.4,6.1,7.7
Bottom Water,0.35,64,9200,0.17,0.021,0.037,24.2,6.4,1.39,0.09,0.007,1.5,0.54,1.2,0.7,4.5,7.7
Surface Water,0.13,67,1100,0.086,0.008,0.02,21.8,14,0.64,0.04,0.002,2.6,0.22,0.55,1.2,4.8,7.7
Bottom Water,0.13,61,2000,0.079,0.007,0.02,21.9,10,0.72,0.06,0.002,1.6,0.22,0.63,0.9,4.4,7.7
Surface Water,0.26,93,49000,0.11,0.028,0.029,24.1,3.3,1.54,0.13,0.003,<0.5,0.4,1.4,2.5,6.5,7.4
Bottom Water,0.26,60,58000,0.11,0.029,0.031,24.3,3.5,0.9,0.05,0.003,<0.5,0.4,0.76,2.8,4.2,7.4
Surface Water,0.16,69,810,0.12,0.019,0.023,19.0,8.3,0.79,0.05,0.002,2.2,0.3,0.65,1.2,5.2,7.5
Bottom Water,0.16,75,1400,0.12,0.02,0.02,19.0,3.2,0.91,0.05,0.002,1,0.3,0.77,1.3,5.7,7.5
Surface Water,0.15,61,2700,0.15,0.01,0.023,25.0,8,0.75,0.06,0.007,2.1,0.31,0.59,0.4,4.2,8.0
Bottom Water,0.14,71,2900,0.12,0.009,0.01,24.9,9.7,0.95,0.05,0.007,2.3,0.27,0.82,0.6,4.9,8.0
Surface Water,0.053,77,800,0.41,0.027,<0.002,29.1,3.6,0.64,0.03,0.004,1.3,0.49,0.2,10,5.2,8.2
Bottom Water,0.066,93,2600,0.39,0.027,<0.002,28.8,4.5,0.64,0.04,0.005,1.2,0.48,0.22,11,6.3,8.1
Surface Water,0.14,92,27000,0.32,0.024,0.031,26.6,3.1,0.7,0.07,0.003,1,0.48,0.36,3.5,6.4,7.5
Bottom Water,0.2,58,9200,0.25,0.027,0.028,26.2,8.9,0.52,0.05,0.003,2.1,0.48,0.24,4.1,4.0,7.5
Surface Water,0.065,66,2100,0.12,0.027,<0.002,28.1,2.2,0.46,0.09,<0.001,0.9,0.21,0.31,5.2,4.3,7.3
Bottom Water,0.063,72,1500,0.092,0.027,0.015,28.1,2.8,0.47,0.08,<0.001,0.6,0.18,0.35,3.6,4.7,7.3
Surface Water,0.073,63,9300,0.15,0.018,0.027,23.6,2.6,0.61,0.08,<0.001,0.8,0.24,0.44,0.7,4.4,7.1
Bottom Water,0.063,82,4800,0.12,0.017,0.021,23.7,2,0.56,0.09,<0.001,0.6,0.2,0.42,0.6,5.8,7.2
Surface Water,0.14,83,1900,0.25,0.021,0.017,17.0,1.9,1.11,0.07,<0.001,0.9,0.41,0.84,1.6,6.6,7.4
Bottom Water,0.12,63,2100,0.24,0.021,0.021,17.0,2.2,1.02,0.07,<0.001,0.8,0.38,0.76,3.2,5.0,7.4
Surface Water,0.12,96,1100,0.12,0.013,0.014,20.8,4.8,0.52,0.07,<0.001,1.7,0.25,0.39,5.3,7.1,7.2
Bottom Water,0.097,99,1100,0.1,0.012,0.015,20.6,4,0.58,0.07,<0.001,1.3,0.21,0.47,6.2,7.3,7.3
Surface Water,0.091,114,440,0.14,0.013,0.004,27.8,3.8,0.98,0.06,0.009,1,0.24,0.83,14,7.6,8.3
Bottom Water,0.078,114,630,0.13,0.013,0.005,27.0,4.2,1.07,0.07,0.007,1.2,0.22,0.93,12,7.6,8.3
Surface Water,0.17,42,4400,0.11,0.022,0.009,26.8,6.8,0.5,0.08,0.007,1.9,0.3,0.37,0.2,2.8,7.9
Bottom Water,0.15,50,1400,0.11,0.024,0.013,26.6,8.4,0.48,0.07,0.006,2.4,0.28,0.35,0.8,3.3,7.9
Surface Water,0.079,116,1400,0.25,0.041,<0.002,29.4,8.4,0.75,0.06,0.005,2.4,0.37,0.46,16,7.5,8.0
Bottom Water,0.087,145,2300,0.22,0.038,<0.002,28.5,7.7,0.72,0.07,0.005,1.5,0.35,0.46,17,9.6,8.0
Surface Water,0.12,113,3400,0.11,0.027,0.021,24.0,5.5,0.36,0.1,0.003,0.9,0.26,0.22,2.1,8.3,7.8
Bottom Water,0.13,142,6000,0.089,0.027,0.013,24.3,5.7,0.35,0.11,0.003,0.6,0.25,0.23,0.8,9.9,7.8
Surface Water,0.17,91,1100,0.062,0.015,0.009,19.5,2.8,0.67,0.05,0.007,0.8,0.25,0.59,1,6.9,8.1
Bottom Water,0.14,79,500,0.096,0.014,0.013,19.6,3.2,0.51,0.03,0.006,0.9,0.25,0.4,1.2,6.0,8.2
Surface Water,0.15,95,30000,0.22,0.053,0.014,25.9,13,1.24,0.06,0.003,3.1,0.42,0.97,0.2,6.7,7.7
Bottom Water,0.14,64,38000,0.19,0.055,0.011,26.0,4.8,0.85,0.06,0.003,1.4,0.39,0.6,<0.2,4.4,7.7
Surface Water,0.15,115,3500,0.16,0.026,0.035,29.0,2.8,0.86,0.09,0.005,0.8,0.34,0.67,1.5,7.5,7.8
Bottom Water,0.21,70,7600,0.15,0.027,0.04,29.0,7.7,0.89,0.09,0.008,1.8,0.39,0.71,1,4.5,7.8
Surface Water,0.092,69,8100,0.053,0.006,0.014,26.4,16,0.59,0.06,<0.001,4,0.15,0.53,0.3,4.6,6.6
Bottom Water,0.083,65,6200,0.046,0.006,0.017,26.5,11,0.46,0.06,<0.001,2.6,0.14,0.41,0.3,4.4,6.6
Surface Water,0.31,106,6500,0.19,0.022,0.027,24.0,2.6,1.07,0.09,0.006,0.9,0.52,0.86,1,7.4,7.7
Bottom Water,0.26,66,1700,0.17,0.02,0.036,24.0,2.4,0.74,0.08,0.005,0.8,0.45,0.55,1.1,4.6,7.7
Surface Water,0.09,68,2800,0.059,0.004,0.014,21.7,8.7,0.44,0.03,0.002,1.6,0.15,0.38,1.4,4.9,7.7
Bottom Water,0.11,65,3600,0.068,0.005,0.015,21.7,9.2,0.63,0.05,0.002,1.7,0.18,0.56,1.6,4.7,7.7
Surface Water,0.21,91,16000,0.17,0.032,0.03,24.0,2.8,1.5,0.14,<0.001,0.6,0.41,1.3,2.7,6.3,6.9
Bottom Water,0.2,62,10000,0.17,0.031,0.035,24.3,1.2,0.78,0.06,<0.001,<0.5,0.4,0.58,2,4.3,7.0
Surface Water,0.097,101,1600,0.1,0.018,0.021,18.7,3.4,0.89,0.04,<0.001,1.1,0.22,0.77,1.6,7.8,7.2
Bottom Water,0.094,66,3800,0.095,0.018,0.022,18.6,3.1,0.76,0.05,<0.001,0.7,0.21,0.65,0.9,5.1,7.3
Surface Water,0.16,63,6700,0.13,0.011,0.014,24.9,11,0.83,0.04,0.008,2.5,0.3,0.69,0.5,4.3,8.1
Bottom Water,0.041,78,17000,0.16,0.01,0.023,24.9,8.3,0.86,0.05,0.002,2.3,0.21,0.69,0.3,5.4,8.1
Surface Water,0.11,87,6100,0.34,0.033,<0.002,28.8,3.6,0.62,0.05,0.007,1,0.48,0.25,10,5.8,8.0
Bottom Water,0.093,87,5600,0.33,0.03,<0.002,28.5,3,0.55,0.04,0.006,1.6,0.45,0.19,12,5.9,8.0
Surface Water,0.22,87,41000,0.32,0.031,0.034,26.0,3.4,0.63,0.07,0.002,1,0.57,0.28,4,6.1,7.3
Bottom Water,0.17,58,9500,0.27,0.033,0.024,25.7,9.9,0.56,0.06,0.002,2.3,0.47,0.26,4.3,4.0,7.4
Surface Water,0.11,67,10000,0.12,0.02,0.012,28.3,1.5,0.46,0.1,0.001,1.1,0.25,0.32,2.8,4.4,7.3
Bottom Water,0.054,79,1000,0.082,0.02,0.013,28.4,3,0.32,0.08,<0.001,0.7,0.16,0.22,2.5,5.1,7.3
Surface Water,0.077,58,25000,0.14,0.017,0.02,23.6,1.6,0.67,0.08,<0.001,0.7,0.23,0.51,0.8,4.1,7.1
Bottom Water,0.04,85,5200,0.092,0.016,0.02,23.5,3.2,0.7,0.08,<0.001,0.8,0.15,0.59,0.5,6.0,7.2
Surface Water,0.053,92,1200,0.18,0.021,0.015,16.9,2.7,0.9,0.06,<0.001,1.3,0.25,0.7,1.5,7.4,7.3
Bottom Water,0.05,83,760,0.2,0.021,0.019,17.1,1.1,0.94,0.06,<0.001,<0.5,0.27,0.72,1.8,6.6,7.3
Surface Water,0.086,103,9500,0.077,0.012,<0.002,20.7,3.6,0.57,0.06,<0.001,1.6,0.18,0.48,6.3,7.6,7.3
Bottom Water,0.065,107,2400,0.055,0.007,<0.002,20.6,2.8,0.7,0.06,<0.001,0.7,0.13,0.64,8.4,7.9,7.3
Surface Water,0.055,110,1600,0.1,0.009,0.005,26.9,4.3,0.87,0.07,0.005,1.1,0.16,0.76,12,7.4,8.3
Bottom Water,0.054,144,1900,0.11,0.013,0.007,26.9,4,1.06,0.09,0.005,1,0.18,0.94,7,9.7,8.3
Surface Water,0.13,46,9000,0.074,0.017,0.011,27.0,4.3,0.39,0.07,0.006,1.6,0.22,0.3,0.5,3.0,7.9
Bottom Water,0.14,60,17000,0.082,0.017,0.014,27.0,6.8,0.41,0.07,0.007,2,0.24,0.31,0.5,4.0,8.0
Surface Water,0.063,113,790,0.21,0.038,<0.002,28.6,6,0.73,0.08,0.003,2.1,0.31,0.48,26,7.4,8.0
Bottom Water,0.08,145,1200,0.2,0.037,<0.002,28.4,4,0.87,0.08,0.003,1.3,0.32,0.63,24,9.6,7.9
Surface Water,0.054,114,1900,0.089,0.029,0.018,23.8,4.4,0.25,0.09,0.002,<0.5,0.17,0.13,0.8,8.9,7.8
Bottom Water,0.053,141,50,0.09,0.028,0.016,24.2,4.4,0.27,0.11,0.001,<0.5,0.17,0.15,1.6,9.8,7.8
Surface Water,1.1,98,9400,2,0.44,0.59,20.9,2.6,3.64,0.66,0.026,1.2,3.54,1.2,2,7.5,7.8
Middle Water,0.26,71,460,0.22,0.04,0.054,20.2,3,1.36,0.11,0.01,1.2,0.52,1.1,2.6,5.4,8.1
Bottom Water,0.2,69,290,0.12,0.028,0.014,19.9,2.8,0.67,0.05,0.008,1,0.35,0.52,1.1,5.2,8.1
Surface Water,0.53,96,210000,0.47,0.18,0.12,26.7,7.4,1.65,0.18,0.007,2.2,1.18,1,0.5,7.2,7.3
Middle Water,0.21,55,15000,0.17,0.089,0.03,26.2,2.6,1.18,0.08,0.003,1.5,0.47,0.92,0.9,3.8,7.5
Bottom Water,0.51,53,110000,0.45,0.18,0.12,25.9,6.3,1.27,0.17,0.01,1.8,1.14,0.64,2.5,3.6,7.6
Surface Water,1.4,45,350000,1.4,0.46,0.53,29.2,1.9,3.76,0.62,0.029,0.9,3.26,1.9,9.4,3.1,7.5
Middle Water,1.8,52,360000,1.7,0.64,0.65,29.0,<0.5,5.04,0.8,0.057,<0.5,4.14,2.7,8.3,3.4,7.7
Bottom Water,0.81,52,180000,0.77,0.19,0.33,29.0,1.3,2.06,0.37,0.028,0.6,1.77,1.1,5,3.3,7.8
Surface Water,1.8,34,300000,1.9,0.6,0.57,26.8,6.4,5.5,0.67,0.01,2.5,4.3,3,2.9,2.4,6.6
Middle Water,1.1,34,150000,1.2,0.34,0.36,26.9,14,3.04,0.43,0.006,3.8,2.64,1.5,3.5,2.4,6.6
Bottom Water,0.86,31,69000,0.92,0.25,0.31,27.1,11,2.47,0.35,0.005,2.6,2.03,1.3,3.2,2.2,6.6
Surface Water,2,90,9800,1.5,0.64,0.51,25.1,1.6,4.94,0.65,0.024,1.6,4.14,2.8,21,6.7,7.3
Middle Water,1.1,70,5600,0.96,0.32,0.3,24.1,2.5,2.78,0.37,0.022,1.1,2.38,1.5,9.4,4.9,7.7
Bottom Water,0.81,70,6300,0.66,0.18,0.2,23.8,2.6,2.04,0.28,0.016,1.6,1.65,1.2,6.9,4.9,7.7
Surface Water,1.4,82,71000,1.3,0.48,0.52,21.3,9.2,3.78,0.62,0.015,1.8,3.18,2,6.5,6.2,7.5
Middle Water,0.72,60,27000,0.67,0.19,0.28,21.2,7.8,2.06,0.34,0.011,1.3,1.58,1.2,4.2,4.4,7.6
Bottom Water,1.7,60,49000,1.5,0.51,0.61,21.1,7.2,4.61,0.74,0.026,1.6,3.71,2.6,7.1,4.5,7.7
Surface Water,0.82,55,23000,1.8,0.39,0.95,22.2,6.2,3.49,0.96,0.006,1.7,3.01,1.3,6.6,4.2,7.3
Middle Water,0.45,55,7200,0.86,0.18,0.48,22.0,11,1.86,0.5,0.008,2.2,1.49,0.82,6.4,4.0,7.7
Bottom Water,0.4,59,4900,0.73,0.15,0.42,22.0,11,1.88,0.45,0.007,2.2,1.28,1,4,4.3,7.7
Surface Water,1.1,92,62000,1.5,0.47,0.17,24.5,2.2,3.47,0.28,0.005,1.6,3.07,1.5,5.2,6.7,7.0
Middle Water,0.46,51,14000,0.52,0.16,0.043,25.9,3.1,1.32,0.14,0.003,1.5,1.14,0.64,7.1,3.5,7.1
Bottom Water,0.53,57,26000,0.67,0.19,0.077,25.6,3.2,1.58,0.15,0.004,1.6,1.39,0.72,5.1,3.8,7.2
Surface Water,2,62,19000,1.4,0.67,0.22,19.3,1.4,4.97,0.29,0.006,<0.5,4.07,2.9,1.8,4.8,6.7
Middle Water,1.5,64,9000,1.1,0.5,0.15,19.0,0.8,3.4,0.21,0.004,0.5,3.1,1.8,1.6,4.9,6.8
Bottom Water,0.92,71,13000,0.63,0.29,0.1,18.8,2.8,2.22,0.14,0.003,0.8,1.84,1.3,1.2,5.4,6.9
Surface Water,1.9,112,52000,0.73,0.99,0.52,22.9,1.4,3.72,0.6,0.04,0.8,3.62,2,2.9,8.3,7.7
Middle Water,0.9,41,20000,0.26,0.39,0.24,22.3,1.8,1.62,0.27,0.039,0.7,1.55,0.97,0.5,3.0,8.1
Bottom Water,0.54,78,4800,0.14,0.2,0.14,22.2,1.9,0.92,0.17,0.027,0.7,0.88,0.58,0.6,5.6,8.1
Surface Water,3.8,24,1200000,1.8,1.5,0.44,25.3,5.3,8.1,0.55,0.087,2.4,7.1,4.8,9.7,1.7,7.7
Middle Water,2.4,31,640000,1,1.1,0.31,25.0,8.4,5.4,0.37,0.085,3.2,4.5,3.3,5.6,2.1,7.9
Bottom Water,1.1,69,290000,0.53,0.36,0.14,24.9,7.7,2.19,0.18,0.044,3.3,1.99,1.3,2.2,4.7,8.0
Surface Water,2.7,93,15000,1.5,1,0.21,30.0,7.8,6.6,0.35,0.083,5.2,5.2,4.1,40,6.3,7.6
Middle Water,1.8,102,9400,0.71,0.27,0.095,28.9,4.2,2.88,0.14,0.052,2.5,2.78,1.9,19,6.9,7.7
Bottom Water,0.92,94,7000,0.7,0.28,0.098,28.0,5.4,2.28,0.16,0.024,2.8,1.9,1.3,17,6.4,7.7
Surface Water,0.88,47,6100,3.7,0.68,0.52,28.7,1.2,5.68,0.74,0.014,0.9,5.26,1.3,4.6,3.1,7.4
Middle Water,0.47,57,2700,1.9,0.35,0.29,28.3,2.4,2.98,0.46,0.009,0.7,2.72,0.73,5.2,3.7,7.6
Bottom Water,0.33,71,1300,1.3,0.24,0.19,28.2,2.2,2.07,0.33,0.006,<0.5,1.87,0.53,3.9,4.6,7.5
Surface Water,1.4,29,900000,3.2,0.79,0.43,24.4,1.3,5.99,0.47,0.009,<0.5,5.39,2,0.6,2.2,7.2
Middle Water,0.39,54,350000,0.77,0.19,0.12,24.0,3.1,1.52,0.19,0.006,1,1.35,0.56,0.7,3.8,7.5
Bottom Water,0.38,83,580000,0.86,0.19,0.11,23.7,2.4,1.64,0.2,0.005,0.9,1.43,0.59,0.6,5.8,7.5
Surface Water,0.47,77,2300,0.7,0.28,0.29,17.5,1.9,1.93,0.35,0.005,1.2,1.45,0.95,6,6.1,7.6
Middle Water,0.24,93,820,0.7,0.14,0.13,17.9,2.8,1.67,0.21,0.003,1.8,1.08,0.83,7.2,7.3,7.7
Bottom Water,0.24,93,840,0.66,0.13,0.13,17.6,4.4,1.73,0.2,0.003,1.8,1.03,0.94,5.8,7.3,7.7
Surface Water,2.3,77,11000,2,0.87,0.64,20.9,2.4,5.67,0.83,0.031,1.8,5.17,2.8,11,5.7,7.6
Middle Water,1.3,84,5600,1.2,0.5,0.39,20.8,4.6,3.2,0.51,0.017,1.9,3.0,1.5,9.5,6.2,7.6
Bottom Water,0.87,100,4000,0.84,0.34,0.27,20.6,2.4,2.18,0.38,0.012,0.8,2.05,1,8,7.4,7.6
Surface Water,0.64,112,550,2.4,0.48,0.72,28.2,2.5,4.28,0.81,0.046,1.5,3.52,1.4,10,8.1,8.0
Middle Water,0.3,133,800,1.1,0.22,0.3,27.2,4,2.26,0.41,0.024,1.2,1.62,0.94,10,9.1,8.2
Bottom Water,0.33,155,450,1.1,0.22,0.3,26.5,4.2,2.32,0.46,0.016,1.4,1.65,1,12,10.5,8.0
Surface Water,1.1,28,53000,1.7,0.49,0.2,27.3,4,3.69,0.34,0.023,2,3.29,1.5,0.9,2.0,7.6
Middle Water,0.64,38,26000,0.94,0.29,0.19,26.7,4,2.23,0.23,0.022,1.8,1.87,1,0.9,2.6,7.8
Bottom Water,0.52,59,28000,0.78,0.21,0.14,26.7,6.5,1.83,0.19,0.022,2.1,1.51,0.84,1,3.9,7.9
Surface Water,0.59,94,6800,0.33,0.16,0.078,28.8,5.6,1.69,0.26,0.022,2.3,1.08,1.2,23,6.4,7.8
Middle Water,0.17,105,360,0.2,0.058,0.026,28.1,6.2,0.8,0.12,0.005,2,0.43,0.54,17,7.0,7.7
Bottom Water,0.28,122,160,0.12,0.034,0.039,27.5,10,1.01,0.14,0.005,2.2,0.43,0.86,8.1,8.1,7.5
Surface Water,0.2,112,120,0.68,0.13,0.18,24.5,3,1.31,0.36,0.006,1.4,1.01,0.5,17,8.0,7.8
Middle Water,0.12,131,3100,0.31,0.063,0.068,24.9,3.8,0.7,0.22,0.003,1.3,0.49,0.33,22,9.1,7.8
Bottom Water,0.15,152,2400,0.15,0.038,0.043,24.6,3.2,0.47,0.18,0.003,0.8,0.34,0.28,8.8,10.6,7.7
Surface Water,0.28,97,1300,0.2,0.018,0.013,20.2,6.5,0.87,0.05,0.011,1,0.5,0.65,1,7.3,8.1
Bottom Water,0.27,76,940,0.2,0.018,0.023,20.2,6.4,0.78,0.03,0.011,1.2,0.49,0.56,0.4,5.7,8.1
Surface Water,0.093,76,22000,0.35,0.083,0.019,26.4,4.7,0.68,0.05,0.002,1.6,0.53,0.25,0.8,5.4,7.6
Bottom Water,0.096,60,11000,0.3,0.1,0.013,26.4,3.7,0.93,0.05,0.002,1,0.5,0.53,<0.2,4.1,7.6
Surface Water,0.11,70,2900,0.35,0.1,0.031,29.2,3.6,0.86,0.08,0.004,0.8,0.56,0.41,1.3,4.6,7.8
Bottom Water,0.097,73,2700,0.34,0.11,0.032,29.2,3.1,0.76,0.08,0.003,<0.5,0.55,0.31,0.7,4.8,7.8
Surface Water,0.12,72,850,0.067,0.012,0.021,27.9,21,0.34,0.07,0.006,4.2,0.2,0.26,1.6,4.7,8.0
Bottom Water,0.11,75,1100,0.067,0.013,0.019,28.0,20,0.43,0.06,0.005,4.1,0.19,0.35,1.7,4.9,8.0
Surface Water,0.22,85,2300,0.2,0.033,0.024,24.2,5.6,0.61,0.07,0.006,1.1,0.45,0.38,0.7,6.0,7.8
Bottom Water,0.24,77,3500,0.2,0.034,0.024,24.2,5.9,0.77,0.07,0.007,1.4,0.47,0.54,0.8,5.4,7.8
Surface Water,0.16,66,110,0.069,0.005,0.016,22.3,9.6,0.7,0.03,0.003,1.5,0.23,0.63,1.7,4.7,7.8
Bottom Water,0.17,62,160,0.067,0.005,0.012,22.3,9.5,0.82,0.05,0.004,1.4,0.24,0.75,1.3,4.5,7.8
Surface Water,0.18,92,2300,0.11,0.029,0.024,24.3,3.2,1.54,0.13,0.002,0.9,0.32,1.4,2.4,6.4,7.4
Bottom Water,0.19,66,2000,0.11,0.03,0.014,24.3,4.7,0.57,0.05,0.002,0.7,0.33,0.43,2.3,4.6,7.4
Surface Water,0.2,66,1500,0.17,0.032,0.022,19.4,4,1.06,0.05,0.002,1.1,0.4,0.86,1,5.0,7.5
Bottom Water,0.2,70,1600,0.17,0.034,0.023,19.4,3.6,0.69,0.05,0.002,0.5,0.4,0.49,0.9,5.3,7.5
Surface Water,0.13,69,1400,0.26,0.011,0.015,25.4,9.8,1.27,0.04,0.007,1.7,0.4,1,0.4,4.8,8.1
Bottom Water,0.14,66,2200,0.26,0.011,<0.002,25.4,11,0.66,0.04,0.008,3.2,0.41,0.39,0.5,4.6,8.1
Surface Water,0.053,90,22000,0.51,0.032,<0.002,28.2,10,0.73,0.04,0.003,2.2,0.6,0.19,8.5,6.2,7.9
Bottom Water,0.058,75,36000,0.51,0.031,<0.002,27.9,14,0.81,0.04,0.003,2.7,0.6,0.27,8.9,5.1,7.9
Surface Water,0.13,82,5900,0.36,0.041,0.026,26.7,1.5,0.6,0.05,0.002,0.8,0.53,0.2,4.3,5.6,7.6
Bottom Water,0.091,56,3900,0.34,0.04,0.027,26.6,6.8,0.51,0.05,0.002,1.9,0.47,0.13,2.9,3.9,7.6
Surface Water,0.097,56,1100,0.15,0.045,0.016,28.5,12,0.45,0.09,0.001,2,0.29,0.25,5.1,3.7,7.3
Bottom Water,0.1,62,1600,0.15,0.045,0.017,28.4,30,0.78,0.11,0.001,3.2,0.3,0.58,6.6,4.0,7.3
Surface Water,0.088,65,1800,0.085,0.021,0.023,24.1,4.8,0.85,0.09,<0.001,1.3,0.19,0.74,0.7,4.5,7.2
Bottom Water,0.092,79,3000,0.08,0.022,0.022,24.1,6.9,0.55,0.08,<0.001,1.1,0.19,0.45,1,5.5,7.2
Surface Water,0.14,82,520,0.23,0.022,0.014,17.6,3,1.24,0.06,<0.001,1,0.39,0.99,2.6,6.5,7.3
Bottom Water,0.15,75,760,0.23,0.021,0.017,17.6,4.6,1.09,0.07,<0.001,1.4,0.4,0.84,2.5,5.9,7.3
Surface Water,0.17,90,340,0.15,0.01,0.015,20.9,8.8,0.62,0.07,<0.001,2.3,0.33,0.46,3.5,6.7,7.2
Bottom Water,0.17,86,280,0.15,0.011,0.014,20.7,6.2,0.6,0.07,<0.001,2.2,0.33,0.44,3.6,6.4,7.2
Surface Water,0.032,108,120,0.22,0.017,<0.002,28.5,3.8,0.74,0.04,0.005,1,0.27,0.5,6.6,7.2,8.5
Bottom Water,0.011,144,220,0.17,0.015,0.003,27.6,6.8,0.78,0.06,0.001,1.2,0.2,0.59,11,9.6,8.4
Surface Water,0.16,53,8300,0.17,0.035,0.014,26.0,6.8,0.51,0.1,0.006,1.7,0.37,0.3,1.4,3.6,7.9
Bottom Water,0.15,57,7900,0.17,0.034,0.015,26.0,9.8,0.56,0.07,0.005,2.2,0.35,0.36,0.9,3.9,7.9
Surface Water,0.04,114,2200,0.42,0.048,<0.002,29.7,6.3,0.79,0.06,0.003,1.7,0.51,0.32,16,7.5,8.1
Bottom Water,0.092,146,3700,0.26,0.05,0.007,28.8,12,0.71,0.07,0.005,2.1,0.4,0.4,7,9.8,7.9
Surface Water,0.16,113,2400,0.099,0.038,0.023,24.7,12,0.39,0.1,0.004,1,0.3,0.25,1,7.9,7.8
Bottom Water,0.14,142,1300,0.099,0.037,0.019,24.4,12,0.39,0.12,0.004,0.5,0.28,0.25,0.7,9.8,7.8
